iteration,sender,receiver,news_id,news_party,news_veracity
0,bot0__1,101,1,N,False
0,bot0__1,145,1,N,False
0,bot0__2,236,2,N,False
0,bot0__2,251,2,N,False
0,bot0__3,318,3,N,False
0,bot0__4,106,4,N,False
0,bot0__5,100,5,N,False
0,bot0__5,28,5,N,False
0,bot0__6,47,6,N,False
0,bot0__6,254,6,N,False
0,bot0__9,157,9,N,False
0,reel0__0,133,10,N,True
0,reel0__0,279,10,N,True
0,reel0__2,256,12,N,True
0,reel0__2,146,12,N,True
0,reel0__2,58,12,N,True
0,reel0__3,6,13,N,True
0,reel0__3,205,13,N,True
0,reel0__4,251,14,N,True
0,reel0__5,339,15,N,True
0,reel0__5,302,15,N,True
0,reel0__5,137,15,N,True
0,reel0__6,117,16,N,True
0,reel0__6,244,16,N,True
0,reel0__7,175,17,N,True
0,reel0__7,168,17,N,True
0,reel0__8,142,18,N,True
0,reel0__8,173,18,N,True
0,reel0__9,295,19,N,True
0,reel0__9,53,19,N,True
0,reel0__9,115,19,N,True
1,101,254,1,N,False
1,101,194,1,N,False
1,101,302,1,N,False
1,101,330,1,N,False
1,101,317,1,N,False
1,101,180,1,N,False
1,236,84,2,N,False
1,236,142,2,N,False
1,236,169,2,N,False
1,236,297,2,N,False
1,236,105,2,N,False
1,236,272,2,N,False
1,236,69,2,N,False
1,236,133,2,N,False
1,236,30,2,N,False
1,236,26,2,N,False
1,236,322,2,N,False
1,251,197,2,N,False
1,251,284,2,N,False
1,251,135,2,N,False
1,251,320,2,N,False
1,318,119,3,N,False
1,318,62,3,N,False
1,318,236,3,N,False
1,318,271,3,N,False
1,318,0,3,N,False
1,106,29,4,N,False
1,106,169,4,N,False
1,106,231,4,N,False
1,106,0,4,N,False
1,100,189,5,N,False
1,100,64,5,N,False
1,28,115,5,N,False
1,28,326,5,N,False
1,28,140,5,N,False
1,28,41,5,N,False
1,28,116,5,N,False
1,254,194,6,N,False
1,254,299,6,N,False
1,254,242,6,N,False
1,254,180,6,N,False
1,254,92,6,N,False
1,157,155,9,N,False
1,133,62,10,N,True
1,133,188,10,N,True
1,133,96,10,N,True
1,133,40,10,N,True
1,133,1,10,N,True
1,133,236,10,N,True
1,133,232,10,N,True
1,133,183,10,N,True
1,133,224,10,N,True
1,133,280,10,N,True
1,133,322,10,N,True
1,133,9,10,N,True
1,279,111,10,N,True
1,146,285,12,N,True
1,146,50,12,N,True
1,146,339,12,N,True
1,146,148,12,N,True
1,146,317,12,N,True
1,256,233,12,N,True
1,6,147,13,N,True
1,6,319,13,N,True
1,6,219,13,N,True
1,6,0,13,N,True
1,205,0,13,N,True
1,205,192,13,N,True
1,251,36,14,N,True
1,251,281,14,N,True
1,251,197,14,N,True
1,251,284,14,N,True
1,251,108,14,N,True
1,251,135,14,N,True
1,251,21,14,N,True
1,251,320,14,N,True
1,251,309,14,N,True
1,251,122,14,N,True
1,251,0,14,N,True
1,251,bot0__2,14,N,True
1,302,24,15,N,True
1,302,266,15,N,True
1,302,254,15,N,True
1,302,57,15,N,True
1,302,194,15,N,True
1,302,187,15,N,True
1,302,330,15,N,True
1,302,101,15,N,True
1,302,315,15,N,True
1,339,315,15,N,True
1,302,346,15,N,True
1,302,53,15,N,True
1,302,242,15,N,True
1,302,204,15,N,True
1,302,299,15,N,True
1,302,92,15,N,True
1,302,48,15,N,True
1,302,180,15,N,True
1,302,0,15,N,True
1,339,0,15,N,True
1,137,0,15,N,True
1,339,38,15,N,True
1,339,340,15,N,True
1,339,161,15,N,True
1,339,103,15,N,True
1,339,22,15,N,True
1,339,334,15,N,True
1,339,246,15,N,True
1,339,129,15,N,True
1,339,87,15,N,True
1,339,148,15,N,True
1,339,313,15,N,True
1,339,322,15,N,True
1,339,146,15,N,True
1,339,152,15,N,True
1,339,260,15,N,True
1,339,7,15,N,True
1,339,65,15,N,True
1,339,291,15,N,True
1,339,347,15,N,True
1,137,140,15,N,True
1,137,312,15,N,True
1,137,289,15,N,True
1,137,310,15,N,True
1,137,214,15,N,True
1,137,93,15,N,True
1,137,32,15,N,True
1,137,337,15,N,True
1,137,326,15,N,True
1,117,231,16,N,True
1,117,285,16,N,True
1,117,77,16,N,True
1,117,280,16,N,True
1,117,0,16,N,True
1,244,0,16,N,True
1,244,282,16,N,True
1,175,278,17,N,True
1,175,263,17,N,True
1,175,19,17,N,True
1,175,143,17,N,True
1,175,321,17,N,True
1,175,23,17,N,True
1,175,68,17,N,True
1,175,86,17,N,True
1,175,296,17,N,True
1,175,225,17,N,True
1,175,0,17,N,True
1,168,0,17,N,True
1,168,31,17,N,True
1,168,129,17,N,True
1,168,7,17,N,True
1,168,22,17,N,True
1,168,291,17,N,True
1,168,158,17,N,True
1,168,bot0__6,17,N,True
1,173,163,18,N,True
1,173,202,18,N,True
1,173,0,18,N,True
1,142,0,18,N,True
1,142,170,18,N,True
1,142,236,18,N,True
1,142,161,18,N,True
1,142,345,18,N,True
1,142,67,18,N,True
1,142,10,18,N,True
1,142,322,18,N,True
1,142,158,18,N,True
1,142,3,18,N,True
1,142,122,18,N,True
1,142,271,18,N,True
1,142,31,18,N,True
1,142,21,18,N,True
1,142,277,18,N,True
1,142,62,18,N,True
1,142,285,18,N,True
1,142,104,18,N,True
1,142,9,18,N,True
1,142,303,18,N,True
1,142,109,18,N,True
1,142,134,18,N,True
1,142,56,18,N,True
1,142,334,18,N,True
1,142,186,18,N,True
1,142,45,18,N,True
1,142,297,18,N,True
1,142,40,18,N,True
1,142,123,18,N,True
1,142,188,18,N,True
1,142,252,18,N,True
1,142,332,18,N,True
1,142,203,18,N,True
1,142,200,18,N,True
1,142,26,18,N,True
1,142,bot0__3,18,N,True
1,115,343,19,N,True
1,115,19,19,N,True
1,115,137,19,N,True
1,115,28,19,N,True
1,115,149,19,N,True
1,115,312,19,N,True
1,115,226,19,N,True
1,115,14,19,N,True
1,115,140,19,N,True
1,115,41,19,N,True
1,115,326,19,N,True
1,115,214,19,N,True
1,115,144,19,N,True
1,115,17,19,N,True
1,115,0,19,N,True
1,295,0,19,N,True
1,53,0,19,N,True
1,295,239,19,N,True
1,295,156,19,N,True
1,295,212,19,N,True
1,295,26,19,N,True
1,295,9,19,N,True
1,295,257,19,N,True
1,295,109,19,N,True
1,295,258,19,N,True
1,53,322,19,N,True
1,53,299,19,N,True
1,53,24,19,N,True
1,53,1,19,N,True
1,53,196,19,N,True
1,53,94,19,N,True
1,53,260,19,N,True
1,53,266,19,N,True
1,53,254,19,N,True
1,53,242,19,N,True
1,53,204,19,N,True
1,53,191,19,N,True
1,53,54,19,N,True
1,53,317,19,N,True
1,53,332,19,N,True
1,53,213,19,N,True
1,53,249,19,N,True
1,53,130,19,N,True
1,53,180,19,N,True
1,53,302,19,N,True
1,53,146,19,N,True
1,53,315,19,N,True
1,53,194,19,N,True
1,53,88,19,N,True
1,53,92,19,N,True
2,194,196,1,N,False
2,180,196,1,N,False
2,330,196,1,N,False
2,254,196,1,N,False
2,317,158,1,N,False
2,317,132,1,N,False
2,254,bot0__6,1,N,False
2,302,57,1,N,False
2,302,315,1,N,False
2,105,148,2,N,False
2,272,148,2,N,False
2,320,48,2,N,False
2,30,48,2,N,False
2,322,48,2,N,False
2,30,178,2,N,False
2,272,178,2,N,False
2,322,178,2,N,False
2,30,73,2,N,False
2,320,159,2,N,False
2,272,159,2,N,False
2,284,159,2,N,False
2,197,159,2,N,False
2,142,334,2,N,False
2,169,334,2,N,False
2,26,334,2,N,False
2,322,199,2,N,False
2,26,199,2,N,False
2,26,203,2,N,False
2,297,203,2,N,False
2,142,203,2,N,False
2,322,203,2,N,False
2,272,203,2,N,False
2,272,72,2,N,False
2,26,72,2,N,False
2,142,308,2,N,False
2,322,308,2,N,False
2,26,308,2,N,False
2,26,176,2,N,False
2,26,325,2,N,False
2,26,298,2,N,False
2,272,98,2,N,False
2,26,98,2,N,False
2,272,79,2,N,False
2,26,79,2,N,False
2,142,170,2,N,False
2,322,170,2,N,False
2,26,170,2,N,False
2,142,332,2,N,False
2,169,332,2,N,False
2,26,332,2,N,False
2,26,172,2,N,False
2,26,212,2,N,False
2,26,223,2,N,False
2,142,323,2,N,False
2,322,323,2,N,False
2,297,323,2,N,False
2,26,323,2,N,False
2,84,82,2,N,False
2,169,82,2,N,False
2,169,136,2,N,False
2,322,136,2,N,False
2,169,103,2,N,False
2,169,125,2,N,False
2,320,94,2,N,False
2,320,57,2,N,False
2,84,51,2,N,False
2,84,83,2,N,False
2,297,324,2,N,False
2,322,345,2,N,False
2,142,345,2,N,False
2,322,45,2,N,False
2,142,45,2,N,False
2,142,bot0__3,2,N,False
2,322,290,2,N,False
2,322,60,2,N,False
2,322,126,2,N,False
2,322,85,2,N,False
2,272,85,2,N,False
2,322,341,2,N,False
2,322,339,2,N,False
2,322,87,2,N,False
2,322,260,2,N,False
2,0,339,3,N,False
2,119,339,3,N,False
2,0,171,3,N,False
2,119,171,3,N,False
2,0,285,3,N,False
2,119,285,3,N,False
2,271,285,3,N,False
2,0,332,3,N,False
2,119,332,3,N,False
2,271,332,3,N,False
2,0,329,3,N,False
2,119,329,3,N,False
2,0,148,3,N,False
2,119,148,3,N,False
2,271,148,3,N,False
2,0,113,3,N,False
2,119,113,3,N,False
2,271,113,3,N,False
2,236,25,3,N,False
2,0,25,3,N,False
2,119,25,3,N,False
2,271,25,3,N,False
2,119,122,3,N,False
2,271,122,3,N,False
2,236,122,3,N,False
2,0,122,3,N,False
2,62,122,3,N,False
2,0,239,3,N,False
2,119,239,3,N,False
2,62,239,3,N,False
2,271,239,3,N,False
2,0,208,3,N,False
2,119,208,3,N,False
2,236,21,3,N,False
2,0,21,3,N,False
2,119,21,3,N,False
2,271,21,3,N,False
2,0,9,3,N,False
2,119,9,3,N,False
2,271,9,3,N,False
2,0,64,3,N,False
2,119,64,3,N,False
2,236,13,3,N,False
2,0,13,3,N,False
2,119,13,3,N,False
2,271,13,3,N,False
2,0,189,3,N,False
2,119,189,3,N,False
2,0,27,3,N,False
2,119,27,3,N,False
2,0,163,3,N,False
2,119,163,3,N,False
2,0,98,3,N,False
2,119,98,3,N,False
2,62,98,3,N,False
2,271,98,3,N,False
2,0,277,3,N,False
2,119,277,3,N,False
2,271,277,3,N,False
2,236,297,3,N,False
2,0,297,3,N,False
2,119,297,3,N,False
2,271,297,3,N,False
2,0,79,3,N,False
2,119,79,3,N,False
2,271,79,3,N,False
2,119,200,3,N,False
2,271,200,3,N,False
2,236,200,3,N,False
2,0,200,3,N,False
2,62,200,3,N,False
2,0,85,3,N,False
2,271,85,3,N,False
2,236,322,3,N,False
2,0,322,3,N,False
2,62,322,3,N,False
2,271,322,3,N,False
2,236,141,3,N,False
2,0,141,3,N,False
2,62,141,3,N,False
2,271,141,3,N,False
2,236,272,3,N,False
2,0,272,3,N,False
2,271,272,3,N,False
2,0,298,3,N,False
2,271,298,3,N,False
2,0,268,3,N,False
2,271,268,3,N,False
2,236,314,3,N,False
2,0,314,3,N,False
2,271,314,3,N,False
2,0,290,3,N,False
2,271,290,3,N,False
2,0,238,3,N,False
2,271,238,3,N,False
2,0,212,3,N,False
2,271,212,3,N,False
2,0,72,3,N,False
2,271,72,3,N,False
2,236,186,3,N,False
2,0,186,3,N,False
2,62,186,3,N,False
2,271,186,3,N,False
2,236,bot0__2,3,N,False
2,0,24,3,N,False
2,0,53,3,N,False
2,0,3,3,N,False
2,0,175,3,N,False
2,0,194,3,N,False
2,0,231,3,N,False
2,0,117,3,N,False
2,0,135,3,N,False
2,0,73,3,N,False
2,0,57,3,N,False
2,0,344,3,N,False
2,0,36,3,N,False
2,0,274,3,N,False
2,0,108,3,N,False
2,0,197,3,N,False
2,0,83,3,N,False
2,0,214,3,N,False
2,0,20,3,N,False
2,0,307,3,N,False
2,0,71,3,N,False
2,0,207,3,N,False
2,0,341,3,N,False
2,62,341,3,N,False
2,0,345,3,N,False
2,0,317,3,N,False
2,0,302,3,N,False
2,0,126,3,N,False
2,0,283,3,N,False
2,0,144,3,N,False
2,0,159,3,N,False
2,0,17,3,N,False
2,0,136,3,N,False
2,0,7,3,N,False
2,0,320,3,N,False
2,0,246,3,N,False
2,0,137,3,N,False
2,0,343,3,N,False
2,0,115,3,N,False
2,0,14,3,N,False
2,0,222,3,N,False
2,0,266,3,N,False
2,0,237,3,N,False
2,0,228,3,N,False
2,0,258,3,N,False
2,0,286,3,N,False
2,0,174,3,N,False
2,0,293,3,N,False
2,0,263,3,N,False
2,0,338,3,N,False
2,0,162,3,N,False
2,0,5,3,N,False
2,0,8,3,N,False
2,0,245,3,N,False
2,0,173,3,N,False
2,0,306,3,N,False
2,0,177,3,N,False
2,0,87,3,N,False
2,0,60,3,N,False
2,0,259,3,N,False
2,0,45,3,N,False
2,0,167,3,N,False
2,0,227,3,N,False
2,0,143,3,N,False
2,0,61,3,N,False
2,0,41,3,N,False
2,0,250,3,N,False
2,0,29,3,N,False
2,0,337,3,N,False
2,0,110,3,N,False
2,0,152,3,N,False
2,0,201,3,N,False
2,0,289,3,N,False
2,0,22,3,N,False
2,0,220,3,N,False
2,0,112,3,N,False
2,0,90,3,N,False
2,0,151,3,N,False
2,0,145,3,N,False
2,0,157,3,N,False
2,0,4,3,N,False
2,0,327,3,N,False
2,0,95,3,N,False
2,0,120,3,N,False
2,0,190,3,N,False
2,0,282,3,N,False
2,0,244,3,N,False
2,0,233,3,N,False
2,0,256,3,N,False
2,0,191,3,N,False
2,0,164,3,N,False
2,0,77,3,N,False
2,0,198,3,N,False
2,0,294,3,N,False
2,0,253,3,N,False
2,0,267,3,N,False
2,0,316,3,N,False
2,0,47,3,N,False
2,231,232,4,N,False
2,0,232,4,N,False
2,231,40,4,N,False
2,29,40,4,N,False
2,169,40,4,N,False
2,0,40,4,N,False
2,231,172,4,N,False
2,29,172,4,N,False
2,0,172,4,N,False
2,231,199,4,N,False
2,0,199,4,N,False
2,231,239,4,N,False
2,0,239,4,N,False
2,169,239,4,N,False
2,29,211,4,N,False
2,0,211,4,N,False
2,29,16,4,N,False
2,0,16,4,N,False
2,0,26,4,N,False
2,169,26,4,N,False
2,0,125,4,N,False
2,169,125,4,N,False
2,0,104,4,N,False
2,169,104,4,N,False
2,0,277,4,N,False
2,169,277,4,N,False
2,0,5,4,N,False
2,169,5,4,N,False
2,0,128,4,N,False
2,169,128,4,N,False
2,0,113,4,N,False
2,169,113,4,N,False
2,0,67,4,N,False
2,169,67,4,N,False
2,0,322,4,N,False
2,169,322,4,N,False
2,0,176,4,N,False
2,0,65,4,N,False
2,0,272,4,N,False
2,0,127,4,N,False
2,0,135,4,N,False
2,0,73,4,N,False
2,0,299,4,N,False
2,0,323,4,N,False
2,0,200,4,N,False
2,0,98,4,N,False
2,0,313,4,N,False
2,0,270,4,N,False
2,0,76,4,N,False
2,0,339,4,N,False
2,0,28,4,N,False
2,0,214,4,N,False
2,0,71,4,N,False
2,0,333,4,N,False
2,0,341,4,N,False
2,0,78,4,N,False
2,0,345,4,N,False
2,0,317,4,N,False
2,0,27,4,N,False
2,0,139,4,N,False
2,0,105,4,N,False
2,0,64,4,N,False
2,0,217,4,N,False
2,0,126,4,N,False
2,0,224,4,N,False
2,0,283,4,N,False
2,0,144,4,N,False
2,0,290,4,N,False
2,0,342,4,N,False
2,0,146,4,N,False
2,0,184,4,N,False
2,0,159,4,N,False
2,0,149,4,N,False
2,0,13,4,N,False
2,0,17,4,N,False
2,0,326,4,N,False
2,0,187,4,N,False
2,0,161,4,N,False
2,0,255,4,N,False
2,0,320,4,N,False
2,0,85,4,N,False
2,0,246,4,N,False
2,0,343,4,N,False
2,0,115,4,N,False
2,0,324,4,N,False
2,0,171,4,N,False
2,0,310,4,N,False
2,0,30,4,N,False
2,0,72,4,N,False
2,0,212,4,N,False
2,0,340,4,N,False
2,0,311,4,N,False
2,0,230,4,N,False
2,0,55,4,N,False
2,0,69,4,N,False
2,0,196,4,N,False
2,0,156,4,N,False
2,0,81,4,N,False
2,0,293,4,N,False
2,0,347,4,N,False
2,0,281,4,N,False
2,0,263,4,N,False
2,0,51,4,N,False
2,0,75,4,N,False
2,0,8,4,N,False
2,0,150,4,N,False
2,0,102,4,N,False
2,0,163,4,N,False
2,0,180,4,N,False
2,0,60,4,N,False
2,0,259,4,N,False
2,0,45,4,N,False
2,0,58,4,N,False
2,0,227,4,N,False
2,0,143,4,N,False
2,0,93,4,N,False
2,0,41,4,N,False
2,0,235,4,N,False
2,0,6,4,N,False
2,0,132,4,N,False
2,0,221,4,N,False
2,0,250,4,N,False
2,0,100,4,N,False
2,0,225,4,N,False
2,0,148,4,N,False
2,0,295,4,N,False
2,0,289,4,N,False
2,0,260,4,N,False
2,0,160,4,N,False
2,0,22,4,N,False
2,0,298,4,N,False
2,0,220,4,N,False
2,0,234,4,N,False
2,0,44,4,N,False
2,0,50,4,N,False
2,0,97,4,N,False
2,0,112,4,N,False
2,0,179,4,N,False
2,0,145,4,N,False
2,0,157,4,N,False
2,0,95,4,N,False
2,0,120,4,N,False
2,0,256,4,N,False
2,0,202,4,N,False
2,0,191,4,N,False
2,0,164,4,N,False
2,0,198,4,N,False
2,0,336,4,N,False
2,0,241,4,N,False
2,0,294,4,N,False
2,0,253,4,N,False
2,0,316,4,N,False
2,0,47,4,N,False
2,0,34,4,N,False
2,0,35,4,N,False
2,326,214,5,N,False
2,140,214,5,N,False
2,41,214,5,N,False
2,116,214,5,N,False
2,115,214,5,N,False
2,326,137,5,N,False
2,115,137,5,N,False
2,140,137,5,N,False
2,41,137,5,N,False
2,64,171,5,N,False
2,189,171,5,N,False
2,41,243,5,N,False
2,41,337,5,N,False
2,41,44,5,N,False
2,115,220,5,N,False
2,194,80,6,N,False
2,242,80,6,N,False
2,180,80,6,N,False
2,299,80,6,N,False
2,92,80,6,N,False
2,194,24,6,N,False
2,242,24,6,N,False
2,180,24,6,N,False
2,299,24,6,N,False
2,92,24,6,N,False
2,92,57,6,N,False
2,242,57,6,N,False
2,242,158,6,N,False
2,242,322,6,N,False
2,299,73,6,N,False
2,299,300,6,N,False
2,96,190,10,N,True
2,236,314,10,N,True
2,96,314,10,N,True
2,9,128,10,N,True
2,322,128,10,N,True
2,236,105,10,N,True
2,9,105,10,N,True
2,280,105,10,N,True
2,9,252,10,N,True
2,236,252,10,N,True
2,188,252,10,N,True
2,322,252,10,N,True
2,280,252,10,N,True
2,9,203,10,N,True
2,40,203,10,N,True
2,322,203,10,N,True
2,188,258,10,N,True
2,9,258,10,N,True
2,40,258,10,N,True
2,188,75,10,N,True
2,9,75,10,N,True
2,322,75,10,N,True
2,9,304,10,N,True
2,236,304,10,N,True
2,224,304,10,N,True
2,188,304,10,N,True
2,322,304,10,N,True
2,40,304,10,N,True
2,280,304,10,N,True
2,9,21,10,N,True
2,236,21,10,N,True
2,232,21,10,N,True
2,188,21,10,N,True
2,322,21,10,N,True
2,40,21,10,N,True
2,280,21,10,N,True
2,9,67,10,N,True
2,236,67,10,N,True
2,224,67,10,N,True
2,62,67,10,N,True
2,188,67,10,N,True
2,322,67,10,N,True
2,40,67,10,N,True
2,280,67,10,N,True
2,9,56,10,N,True
2,232,56,10,N,True
2,62,56,10,N,True
2,188,56,10,N,True
2,322,56,10,N,True
2,40,56,10,N,True
2,9,142,10,N,True
2,236,142,10,N,True
2,62,142,10,N,True
2,188,142,10,N,True
2,322,142,10,N,True
2,40,142,10,N,True
2,280,142,10,N,True
2,188,334,10,N,True
2,9,334,10,N,True
2,40,334,10,N,True
2,9,297,10,N,True
2,236,297,10,N,True
2,188,297,10,N,True
2,322,297,10,N,True
2,280,297,10,N,True
2,188,85,10,N,True
2,9,85,10,N,True
2,322,85,10,N,True
2,9,199,10,N,True
2,232,199,10,N,True
2,62,199,10,N,True
2,322,199,10,N,True
2,40,199,10,N,True
2,9,161,10,N,True
2,322,161,10,N,True
2,62,161,10,N,True
2,188,119,10,N,True
2,9,119,10,N,True
2,280,119,10,N,True
2,1,119,10,N,True
2,188,156,10,N,True
2,9,156,10,N,True
2,188,170,10,N,True
2,9,170,10,N,True
2,322,170,10,N,True
2,62,170,10,N,True
2,188,342,10,N,True
2,9,342,10,N,True
2,322,342,10,N,True
2,9,295,10,N,True
2,188,113,10,N,True
2,9,113,10,N,True
2,40,113,10,N,True
2,232,285,10,N,True
2,188,285,10,N,True
2,9,285,10,N,True
2,322,285,10,N,True
2,9,134,10,N,True
2,9,25,10,N,True
2,236,25,10,N,True
2,232,25,10,N,True
2,224,25,10,N,True
2,188,25,10,N,True
2,322,25,10,N,True
2,40,25,10,N,True
2,280,25,10,N,True
2,280,329,10,N,True
2,9,329,10,N,True
2,40,329,10,N,True
2,322,329,10,N,True
2,9,277,10,N,True
2,188,277,10,N,True
2,322,277,10,N,True
2,40,277,10,N,True
2,280,277,10,N,True
2,9,148,10,N,True
2,224,148,10,N,True
2,236,69,10,N,True
2,9,69,10,N,True
2,280,185,10,N,True
2,188,185,10,N,True
2,9,185,10,N,True
2,322,185,10,N,True
2,188,3,10,N,True
2,9,3,10,N,True
2,280,3,10,N,True
2,9,122,10,N,True
2,236,122,10,N,True
2,232,122,10,N,True
2,224,122,10,N,True
2,62,122,10,N,True
2,188,122,10,N,True
2,322,122,10,N,True
2,280,122,10,N,True
2,9,291,10,N,True
2,232,291,10,N,True
2,224,291,10,N,True
2,188,291,10,N,True
2,280,291,10,N,True
2,111,343,10,N,True
2,111,312,10,N,True
2,111,310,10,N,True
2,111,44,10,N,True
2,111,20,10,N,True
2,111,17,10,N,True
2,111,214,10,N,True
2,111,93,10,N,True
2,236,257,10,N,True
2,322,257,10,N,True
2,40,257,10,N,True
2,280,257,10,N,True
2,236,13,10,N,True
2,188,13,10,N,True
2,236,248,10,N,True
2,236,bot0__2,10,N,True
2,1,bot0__2,10,N,True
2,1,92,10,N,True
2,1,73,10,N,True
2,1,194,10,N,True
2,1,48,10,N,True
2,322,48,10,N,True
2,1,299,10,N,True
2,1,126,10,N,True
2,322,126,10,N,True
2,232,212,10,N,True
2,40,212,10,N,True
2,232,298,10,N,True
2,40,298,10,N,True
2,232,239,10,N,True
2,62,239,10,N,True
2,188,239,10,N,True
2,322,239,10,N,True
2,40,239,10,N,True
2,280,239,10,N,True
2,224,332,10,N,True
2,40,332,10,N,True
2,280,332,10,N,True
2,224,324,10,N,True
2,188,104,10,N,True
2,322,104,10,N,True
2,188,165,10,N,True
2,188,208,10,N,True
2,188,290,10,N,True
2,322,290,10,N,True
2,280,290,10,N,True
2,322,207,10,N,True
2,322,45,10,N,True
2,322,136,10,N,True
2,322,130,10,N,True
2,62,130,10,N,True
2,322,221,10,N,True
2,322,308,10,N,True
2,322,178,10,N,True
2,322,242,10,N,True
2,322,339,10,N,True
2,322,345,10,N,True
2,322,87,10,N,True
2,322,38,10,N,True
2,62,98,10,N,True
2,280,98,10,N,True
2,40,265,10,N,True
2,40,77,10,N,True
2,40,29,10,N,True
2,40,325,10,N,True
2,40,317,10,N,True
2,40,307,10,N,True
2,40,132,10,N,True
2,280,153,10,N,True
2,280,117,10,N,True
2,280,39,10,N,True
2,339,38,12,N,True
2,339,340,12,N,True
2,339,161,12,N,True
2,339,22,12,N,True
2,50,334,12,N,True
2,339,334,12,N,True
2,339,246,12,N,True
2,285,246,12,N,True
2,339,87,12,N,True
2,317,158,12,N,True
2,339,158,12,N,True
2,50,277,12,N,True
2,339,277,12,N,True
2,285,277,12,N,True
2,339,260,12,N,True
2,339,7,12,N,True
2,339,65,12,N,True
2,339,291,12,N,True
2,339,347,12,N,True
2,285,188,12,N,True
2,285,200,12,N,True
2,148,271,12,N,True
2,285,271,12,N,True
2,285,60,12,N,True
2,285,213,12,N,True
2,148,98,12,N,True
2,285,98,12,N,True
2,285,170,12,N,True
2,285,323,12,N,True
2,285,208,12,N,True
2,148,272,12,N,True
2,285,272,12,N,True
2,285,142,12,N,True
2,285,221,12,N,True
2,285,164,12,N,True
2,285,117,12,N,True
2,285,303,12,N,True
2,148,185,12,N,True
2,285,185,12,N,True
2,285,211,12,N,True
2,285,304,12,N,True
2,148,9,12,N,True
2,285,9,12,N,True
2,50,109,12,N,True
2,148,109,12,N,True
2,285,109,12,N,True
2,285,56,12,N,True
2,148,261,12,N,True
2,285,261,12,N,True
2,285,10,12,N,True
2,285,67,12,N,True
2,285,239,12,N,True
2,285,332,12,N,True
2,317,40,12,N,True
2,50,314,12,N,True
2,50,331,12,N,True
2,148,82,12,N,True
2,148,13,12,N,True
2,148,229,12,N,True
2,148,176,12,N,True
2,148,224,12,N,True
2,148,bot0__7,12,N,True
2,0,154,13,N,True
2,219,154,13,N,True
2,0,115,13,N,True
2,192,115,13,N,True
2,0,52,13,N,True
2,192,52,13,N,True
2,0,186,13,N,True
2,0,122,13,N,True
2,0,346,13,N,True
2,0,271,13,N,True
2,0,304,13,N,True
2,0,204,13,N,True
2,0,252,13,N,True
2,0,65,13,N,True
2,0,276,13,N,True
2,0,280,13,N,True
2,0,272,13,N,True
2,0,211,13,N,True
2,0,199,13,N,True
2,0,84,13,N,True
2,0,239,13,N,True
2,0,322,13,N,True
2,0,53,13,N,True
2,0,3,13,N,True
2,0,170,13,N,True
2,0,175,13,N,True
2,0,46,13,N,True
2,0,56,13,N,True
2,0,254,13,N,True
2,0,194,13,N,True
2,0,231,13,N,True
2,0,135,13,N,True
2,0,103,13,N,True
2,0,116,13,N,True
2,0,73,13,N,True
2,0,119,13,N,True
2,0,200,13,N,True
2,0,313,13,N,True
2,0,344,13,N,True
2,0,325,13,N,True
2,0,277,13,N,True
2,0,270,13,N,True
2,0,76,13,N,True
2,0,36,13,N,True
2,0,223,13,N,True
2,0,274,13,N,True
2,0,21,13,N,True
2,0,108,13,N,True
2,0,275,13,N,True
2,0,273,13,N,True
2,0,83,13,N,True
2,0,28,13,N,True
2,0,312,13,N,True
2,0,242,13,N,True
2,0,214,13,N,True
2,0,20,13,N,True
2,0,71,13,N,True
2,0,333,13,N,True
2,0,207,13,N,True
2,0,308,13,N,True
2,0,341,13,N,True
2,0,334,13,N,True
2,0,238,13,N,True
2,0,265,13,N,True
2,0,141,13,N,True
2,0,78,13,N,True
2,0,345,13,N,True
2,0,317,13,N,True
2,0,158,13,N,True
2,0,38,13,N,True
2,0,302,13,N,True
2,0,139,13,N,True
2,0,142,13,N,True
2,0,105,13,N,True
2,0,232,13,N,True
2,0,248,13,N,True
2,0,126,13,N,True
2,0,261,13,N,True
2,0,283,13,N,True
2,0,144,13,N,True
2,0,226,13,N,True
2,0,290,13,N,True
2,0,342,13,N,True
2,0,146,13,N,True
2,0,300,13,N,True
2,0,94,13,N,True
2,0,1,13,N,True
2,0,184,13,N,True
2,0,159,13,N,True
2,0,149,13,N,True
2,0,59,13,N,True
2,0,17,13,N,True
2,0,80,13,N,True
2,0,187,13,N,True
2,0,161,13,N,True
2,0,66,13,N,True
2,0,320,13,N,True
2,0,85,13,N,True
2,0,246,13,N,True
2,0,123,13,N,True
2,0,140,13,N,True
2,0,297,13,N,True
2,0,185,13,N,True
2,0,171,13,N,True
2,0,111,13,N,True
2,0,32,13,N,True
2,0,30,13,N,True
2,0,222,13,N,True
2,0,92,13,N,True
2,0,72,13,N,True
2,0,40,13,N,True
2,0,125,13,N,True
2,0,266,13,N,True
2,0,212,13,N,True
2,0,340,13,N,True
2,0,237,13,N,True
2,0,311,13,N,True
2,0,309,13,N,True
2,0,330,13,N,True
2,0,230,13,N,True
2,0,70,13,N,True
2,0,16,13,N,True
2,0,249,13,N,True
2,0,39,13,N,True
2,0,251,13,N,True
2,0,10,13,N,True
2,0,69,13,N,True
2,0,113,13,N,True
2,0,156,13,N,True
2,0,303,13,N,True
2,0,286,13,N,True
2,0,81,13,N,True
2,0,174,13,N,True
2,0,293,13,N,True
2,0,33,13,N,True
2,0,42,13,N,True
2,0,2,13,N,True
2,0,281,13,N,True
2,0,263,13,N,True
2,0,279,13,N,True
2,0,51,13,N,True
2,0,338,13,N,True
2,0,19,13,N,True
2,319,19,13,N,True
2,0,75,13,N,True
2,0,218,13,N,True
2,0,268,13,N,True
2,0,5,13,N,True
2,0,178,13,N,True
2,0,181,13,N,True
2,0,8,13,N,True
2,0,129,13,N,True
2,0,150,13,N,True
2,0,101,13,N,True
2,0,296,13,N,True
2,0,318,13,N,True
2,0,173,13,N,True
2,0,165,13,N,True
2,0,121,13,N,True
2,0,306,13,N,True
2,0,177,13,N,True
2,0,180,13,N,True
2,0,87,13,N,True
2,0,60,13,N,True
2,0,259,13,N,True
2,0,45,13,N,True
2,0,58,13,N,True
2,0,167,13,N,True
2,0,227,13,N,True
2,0,91,13,N,True
2,0,143,13,N,True
2,0,93,13,N,True
2,0,41,13,N,True
2,0,235,13,N,True
2,0,107,13,N,True
2,0,132,13,N,True
2,0,221,13,N,True
2,0,250,13,N,True
2,0,106,13,N,True
2,0,337,13,N,True
2,0,100,13,N,True
2,0,110,13,N,True
2,0,264,13,N,True
2,0,225,13,N,True
2,0,152,13,N,True
2,0,148,13,N,True
2,0,295,13,N,True
2,0,201,13,N,True
2,0,289,13,N,True
2,0,260,13,N,True
2,0,321,13,N,True
2,0,68,13,N,True
2,0,22,13,N,True
2,0,262,13,N,True
2,0,220,13,N,True
2,0,44,13,N,True
2,0,193,13,N,True
2,0,112,13,N,True
2,0,90,13,N,True
2,0,179,13,N,True
2,0,145,13,N,True
2,0,157,13,N,True
2,0,120,13,N,True
2,0,247,13,N,True
2,0,190,13,N,True
2,0,282,13,N,True
2,0,244,13,N,True
2,0,233,13,N,True
2,0,256,13,N,True
2,0,202,13,N,True
2,0,155,13,N,True
2,0,191,13,N,True
2,0,206,13,N,True
2,0,229,13,N,True
2,0,138,13,N,True
2,0,240,13,N,True
2,0,305,13,N,True
2,0,153,13,N,True
2,0,198,13,N,True
2,0,182,13,N,True
2,0,336,13,N,True
2,0,294,13,N,True
2,0,267,13,N,True
2,0,316,13,N,True
2,0,47,13,N,True
2,0,183,13,N,True
2,320,57,14,N,True
2,0,57,14,N,True
2,108,57,14,N,True
2,21,236,14,N,True
2,bot0__2,236,14,N,True
2,0,236,14,N,True
2,122,236,14,N,True
2,bot0__2,1,14,N,True
2,0,1,14,N,True
2,21,88,14,N,True
2,0,88,14,N,True
2,21,98,14,N,True
2,0,98,14,N,True
2,122,98,14,N,True
2,21,274,14,N,True
2,0,274,14,N,True
2,122,274,14,N,True
2,21,212,14,N,True
2,0,212,14,N,True
2,21,134,14,N,True
2,0,134,14,N,True
2,21,313,14,N,True
2,0,313,14,N,True
2,21,55,14,N,True
2,0,55,14,N,True
2,122,55,14,N,True
2,21,304,14,N,True
2,0,304,14,N,True
2,122,304,14,N,True
2,21,203,14,N,True
2,0,203,14,N,True
2,122,203,14,N,True
2,21,169,14,N,True
2,0,169,14,N,True
2,122,169,14,N,True
2,21,239,14,N,True
2,0,239,14,N,True
2,122,239,14,N,True
2,21,325,14,N,True
2,0,325,14,N,True
2,122,325,14,N,True
2,21,26,14,N,True
2,0,26,14,N,True
2,122,26,14,N,True
2,21,170,14,N,True
2,0,170,14,N,True
2,122,170,14,N,True
2,21,297,14,N,True
2,0,297,14,N,True
2,122,297,14,N,True
2,21,271,14,N,True
2,0,271,14,N,True
2,122,271,14,N,True
2,21,235,14,N,True
2,0,235,14,N,True
2,122,235,14,N,True
2,21,161,14,N,True
2,0,161,14,N,True
2,122,161,14,N,True
2,21,342,14,N,True
2,0,342,14,N,True
2,122,342,14,N,True
2,21,9,14,N,True
2,0,9,14,N,True
2,122,9,14,N,True
2,21,332,14,N,True
2,0,332,14,N,True
2,122,332,14,N,True
2,21,105,14,N,True
2,0,105,14,N,True
2,21,277,14,N,True
2,0,277,14,N,True
2,122,277,14,N,True
2,21,308,14,N,True
2,0,308,14,N,True
2,21,248,14,N,True
2,0,248,14,N,True
2,122,248,14,N,True
2,21,136,14,N,True
2,0,136,14,N,True
2,122,136,14,N,True
2,21,109,14,N,True
2,0,109,14,N,True
2,122,109,14,N,True
2,21,165,14,N,True
2,0,165,14,N,True
2,21,39,14,N,True
2,0,39,14,N,True
2,21,345,14,N,True
2,0,345,14,N,True
2,122,345,14,N,True
2,21,188,14,N,True
2,0,188,14,N,True
2,122,188,14,N,True
2,21,280,14,N,True
2,0,280,14,N,True
2,122,280,14,N,True
2,21,40,14,N,True
2,0,40,14,N,True
2,21,13,14,N,True
2,0,13,14,N,True
2,21,323,14,N,True
2,0,323,14,N,True
2,122,323,14,N,True
2,21,31,14,N,True
2,0,31,14,N,True
2,122,31,14,N,True
2,21,25,14,N,True
2,0,25,14,N,True
2,122,25,14,N,True
2,21,123,14,N,True
2,0,123,14,N,True
2,122,123,14,N,True
2,21,200,14,N,True
2,0,200,14,N,True
2,122,200,14,N,True
2,21,315,14,N,True
2,0,315,14,N,True
2,122,315,14,N,True
2,320,48,14,N,True
2,0,48,14,N,True
2,320,346,14,N,True
2,0,346,14,N,True
2,320,94,14,N,True
2,0,94,14,N,True
2,320,300,14,N,True
2,0,300,14,N,True
2,0,276,14,N,True
2,122,276,14,N,True
2,0,224,14,N,True
2,122,224,14,N,True
2,0,3,14,N,True
2,122,3,14,N,True
2,0,45,14,N,True
2,122,45,14,N,True
2,0,303,14,N,True
2,122,303,14,N,True
2,0,213,14,N,True
2,122,213,14,N,True
2,0,344,14,N,True
2,122,344,14,N,True
2,0,62,14,N,True
2,122,62,14,N,True
2,0,113,14,N,True
2,122,113,14,N,True
2,0,82,14,N,True
2,0,65,14,N,True
2,0,199,14,N,True
2,0,84,14,N,True
2,0,133,14,N,True
2,0,175,14,N,True
2,0,254,14,N,True
2,0,231,14,N,True
2,0,117,14,N,True
2,0,103,14,N,True
2,0,23,14,N,True
2,0,116,14,N,True
2,0,73,14,N,True
2,0,63,14,N,True
2,0,118,14,N,True
2,0,76,14,N,True
2,0,273,14,N,True
2,0,83,14,N,True
2,0,214,14,N,True
2,0,307,14,N,True
2,0,71,14,N,True
2,0,333,14,N,True
2,0,207,14,N,True
2,0,265,14,N,True
2,0,317,14,N,True
2,0,158,14,N,True
2,0,302,14,N,True
2,0,27,14,N,True
2,0,54,14,N,True
2,0,64,14,N,True
2,0,217,14,N,True
2,0,126,14,N,True
2,0,283,14,N,True
2,0,144,14,N,True
2,0,290,14,N,True
2,0,146,14,N,True
2,0,59,14,N,True
2,0,187,14,N,True
2,0,255,14,N,True
2,0,49,14,N,True
2,0,85,14,N,True
2,0,140,14,N,True
2,0,137,14,N,True
2,0,343,14,N,True
2,0,115,14,N,True
2,0,185,14,N,True
2,0,171,14,N,True
2,0,111,14,N,True
2,0,14,14,N,True
2,0,32,14,N,True
2,0,222,14,N,True
2,0,92,14,N,True
2,0,72,14,N,True
2,0,125,14,N,True
2,0,278,14,N,True
2,0,340,14,N,True
2,0,237,14,N,True
2,0,330,14,N,True
2,0,16,14,N,True
2,0,249,14,N,True
2,0,10,14,N,True
2,0,257,14,N,True
2,0,196,14,N,True
2,0,81,14,N,True
2,0,174,14,N,True
2,0,33,14,N,True
2,0,42,14,N,True
2,0,263,14,N,True
2,0,279,14,N,True
2,0,162,14,N,True
2,0,19,14,N,True
2,0,75,14,N,True
2,0,218,14,N,True
2,0,268,14,N,True
2,0,314,14,N,True
2,0,192,14,N,True
2,0,195,14,N,True
2,0,181,14,N,True
2,0,328,14,N,True
2,0,331,14,N,True
2,0,150,14,N,True
2,0,101,14,N,True
2,0,99,14,N,True
2,0,173,14,N,True
2,0,306,14,N,True
2,0,177,14,N,True
2,0,180,14,N,True
2,0,87,14,N,True
2,0,189,14,N,True
2,0,60,14,N,True
2,0,259,14,N,True
2,0,58,14,N,True
2,0,167,14,N,True
2,0,227,14,N,True
2,0,96,14,N,True
2,0,91,14,N,True
2,0,143,14,N,True
2,0,41,14,N,True
2,0,6,14,N,True
2,0,89,14,N,True
2,0,107,14,N,True
2,0,221,14,N,True
2,0,29,14,N,True
2,0,110,14,N,True
2,0,152,14,N,True
2,0,295,14,N,True
2,0,201,14,N,True
2,0,260,14,N,True
2,0,160,14,N,True
2,0,321,14,N,True
2,0,131,14,N,True
2,0,22,14,N,True
2,0,220,14,N,True
2,0,44,14,N,True
2,0,193,14,N,True
2,0,97,14,N,True
2,0,124,14,N,True
2,0,90,14,N,True
2,0,216,14,N,True
2,0,151,14,N,True
2,0,157,14,N,True
2,0,4,14,N,True
2,0,327,14,N,True
2,0,120,14,N,True
2,0,247,14,N,True
2,0,244,14,N,True
2,0,256,14,N,True
2,0,202,14,N,True
2,0,155,14,N,True
2,0,147,14,N,True
2,0,164,14,N,True
2,0,240,14,N,True
2,0,77,14,N,True
2,0,219,14,N,True
2,0,153,14,N,True
2,0,154,14,N,True
2,0,198,14,N,True
2,0,182,14,N,True
2,0,336,14,N,True
2,0,241,14,N,True
2,0,294,14,N,True
2,0,253,14,N,True
2,0,267,14,N,True
2,0,316,14,N,True
2,0,47,14,N,True
2,0,183,14,N,True
2,0,52,14,N,True
2,0,34,14,N,True
2,57,213,15,N,True
2,161,213,15,N,True
2,291,213,15,N,True
2,7,213,15,N,True
2,87,213,15,N,True
2,340,213,15,N,True
2,204,213,15,N,True
2,315,213,15,N,True
2,0,213,15,N,True
2,242,213,15,N,True
2,322,213,15,N,True
2,246,213,15,N,True
2,53,213,15,N,True
2,57,184,15,N,True
2,346,184,15,N,True
2,0,184,15,N,True
2,65,82,15,N,True
2,0,82,15,N,True
2,313,82,15,N,True
2,148,82,15,N,True
2,65,314,15,N,True
2,0,314,15,N,True
2,161,314,15,N,True
2,313,314,15,N,True
2,161,203,15,N,True
2,65,203,15,N,True
2,48,203,15,N,True
2,315,203,15,N,True
2,0,203,15,N,True
2,313,203,15,N,True
2,334,203,15,N,True
2,322,203,15,N,True
2,161,252,15,N,True
2,65,252,15,N,True
2,291,252,15,N,True
2,315,252,15,N,True
2,0,252,15,N,True
2,313,252,15,N,True
2,334,252,15,N,True
2,103,252,15,N,True
2,322,252,15,N,True
2,65,297,15,N,True
2,0,297,15,N,True
2,322,297,15,N,True
2,65,25,15,N,True
2,291,25,15,N,True
2,0,25,15,N,True
2,103,25,15,N,True
2,322,25,15,N,True
2,148,25,15,N,True
2,246,25,15,N,True
2,0,288,15,N,True
2,315,288,15,N,True
2,0,345,15,N,True
2,315,345,15,N,True
2,322,345,15,N,True
2,194,1,15,N,True
2,346,1,15,N,True
2,48,1,15,N,True
2,315,1,15,N,True
2,0,1,15,N,True
2,299,1,15,N,True
2,92,1,15,N,True
2,322,1,15,N,True
2,53,1,15,N,True
2,291,231,15,N,True
2,0,231,15,N,True
2,315,231,15,N,True
2,0,303,15,N,True
2,315,303,15,N,True
2,322,303,15,N,True
2,0,285,15,N,True
2,315,285,15,N,True
2,313,285,15,N,True
2,146,285,15,N,True
2,103,285,15,N,True
2,322,285,15,N,True
2,246,285,15,N,True
2,291,188,15,N,True
2,334,188,15,N,True
2,0,188,15,N,True
2,315,188,15,N,True
2,322,188,15,N,True
2,22,185,15,N,True
2,0,185,15,N,True
2,315,185,15,N,True
2,103,185,15,N,True
2,322,185,15,N,True
2,148,185,15,N,True
2,0,170,15,N,True
2,315,170,15,N,True
2,313,170,15,N,True
2,260,170,15,N,True
2,334,170,15,N,True
2,322,170,15,N,True
2,0,257,15,N,True
2,315,257,15,N,True
2,322,257,15,N,True
2,161,199,15,N,True
2,291,199,15,N,True
2,48,199,15,N,True
2,315,199,15,N,True
2,0,199,15,N,True
2,313,199,15,N,True
2,322,199,15,N,True
2,0,133,15,N,True
2,315,133,15,N,True
2,322,133,15,N,True
2,291,98,15,N,True
2,0,98,15,N,True
2,315,98,15,N,True
2,313,98,15,N,True
2,103,98,15,N,True
2,148,98,15,N,True
2,334,128,15,N,True
2,0,128,15,N,True
2,315,128,15,N,True
2,313,128,15,N,True
2,322,128,15,N,True
2,161,26,15,N,True
2,291,26,15,N,True
2,0,26,15,N,True
2,315,26,15,N,True
2,313,26,15,N,True
2,334,26,15,N,True
2,322,26,15,N,True
2,0,121,15,N,True
2,315,121,15,N,True
2,291,169,15,N,True
2,0,169,15,N,True
2,315,169,15,N,True
2,334,169,15,N,True
2,103,169,15,N,True
2,322,169,15,N,True
2,87,5,15,N,True
2,204,5,15,N,True
2,0,5,15,N,True
2,315,5,15,N,True
2,187,5,15,N,True
2,180,5,15,N,True
2,334,40,15,N,True
2,0,40,15,N,True
2,315,40,15,N,True
2,322,40,15,N,True
2,291,329,15,N,True
2,204,329,15,N,True
2,0,329,15,N,True
2,315,329,15,N,True
2,322,329,15,N,True
2,161,56,15,N,True
2,291,56,15,N,True
2,0,56,15,N,True
2,315,56,15,N,True
2,313,56,15,N,True
2,334,56,15,N,True
2,103,56,15,N,True
2,322,56,15,N,True
2,0,223,15,N,True
2,315,223,15,N,True
2,313,223,15,N,True
2,246,223,15,N,True
2,0,105,15,N,True
2,315,105,15,N,True
2,148,105,15,N,True
2,161,9,15,N,True
2,291,9,15,N,True
2,0,9,15,N,True
2,315,9,15,N,True
2,334,9,15,N,True
2,322,9,15,N,True
2,148,9,15,N,True
2,0,236,15,N,True
2,315,236,15,N,True
2,322,236,15,N,True
2,161,271,15,N,True
2,291,271,15,N,True
2,48,271,15,N,True
2,315,271,15,N,True
2,0,271,15,N,True
2,313,271,15,N,True
2,103,271,15,N,True
2,322,271,15,N,True
2,148,271,15,N,True
2,161,67,15,N,True
2,0,67,15,N,True
2,315,67,15,N,True
2,313,67,15,N,True
2,334,67,15,N,True
2,322,67,15,N,True
2,161,142,15,N,True
2,334,142,15,N,True
2,0,142,15,N,True
2,315,142,15,N,True
2,322,142,15,N,True
2,291,224,15,N,True
2,0,224,15,N,True
2,315,224,15,N,True
2,322,224,15,N,True
2,148,224,15,N,True
2,161,21,15,N,True
2,0,21,15,N,True
2,315,21,15,N,True
2,313,21,15,N,True
2,334,21,15,N,True
2,322,21,15,N,True
2,161,304,15,N,True
2,7,304,15,N,True
2,347,304,15,N,True
2,315,304,15,N,True
2,0,304,15,N,True
2,334,304,15,N,True
2,322,304,15,N,True
2,246,304,15,N,True
2,291,332,15,N,True
2,48,332,15,N,True
2,0,332,15,N,True
2,38,332,15,N,True
2,53,332,15,N,True
2,291,141,15,N,True
2,0,141,15,N,True
2,38,141,15,N,True
2,0,117,15,N,True
2,38,117,15,N,True
2,194,196,15,N,True
2,346,196,15,N,True
2,330,196,15,N,True
2,266,196,15,N,True
2,204,196,15,N,True
2,0,196,15,N,True
2,254,196,15,N,True
2,180,196,15,N,True
2,92,196,15,N,True
2,53,196,15,N,True
2,254,bot0__6,15,N,True
2,48,88,15,N,True
2,0,88,15,N,True
2,242,88,15,N,True
2,322,88,15,N,True
2,53,88,15,N,True
2,326,144,15,N,True
2,312,144,15,N,True
2,0,144,15,N,True
2,140,144,15,N,True
2,326,162,15,N,True
2,312,162,15,N,True
2,0,162,15,N,True
2,326,116,15,N,True
2,140,116,15,N,True
2,312,116,15,N,True
2,214,116,15,N,True
2,0,116,15,N,True
2,326,226,15,N,True
2,312,226,15,N,True
2,0,226,15,N,True
2,326,20,15,N,True
2,312,20,15,N,True
2,0,20,15,N,True
2,214,20,15,N,True
2,326,14,15,N,True
2,310,14,15,N,True
2,312,14,15,N,True
2,214,14,15,N,True
2,0,14,15,N,True
2,326,2,15,N,True
2,312,2,15,N,True
2,0,2,15,N,True
2,0,62,15,N,True
2,161,62,15,N,True
2,322,62,15,N,True
2,0,325,15,N,True
2,161,325,15,N,True
2,313,325,15,N,True
2,291,258,15,N,True
2,0,258,15,N,True
2,161,258,15,N,True
2,346,130,15,N,True
2,48,130,15,N,True
2,204,130,15,N,True
2,0,130,15,N,True
2,322,130,15,N,True
2,53,130,15,N,True
2,0,54,15,N,True
2,313,54,15,N,True
2,48,54,15,N,True
2,53,54,15,N,True
2,299,73,15,N,True
2,0,73,15,N,True
2,48,73,15,N,True
2,0,207,15,N,True
2,322,207,15,N,True
2,0,104,15,N,True
2,322,104,15,N,True
2,0,290,15,N,True
2,322,290,15,N,True
2,291,60,15,N,True
2,0,60,15,N,True
2,322,60,15,N,True
2,313,60,15,N,True
2,0,85,15,N,True
2,322,85,15,N,True
2,0,239,15,N,True
2,322,239,15,N,True
2,313,239,15,N,True
2,0,341,15,N,True
2,322,341,15,N,True
2,0,109,15,N,True
2,322,109,15,N,True
2,148,109,15,N,True
2,0,276,15,N,True
2,322,276,15,N,True
2,0,75,15,N,True
2,322,75,15,N,True
2,0,250,15,N,True
2,322,250,15,N,True
2,334,200,15,N,True
2,103,200,15,N,True
2,0,200,15,N,True
2,322,200,15,N,True
2,0,191,15,N,True
2,53,191,15,N,True
2,146,317,15,N,True
2,0,317,15,N,True
2,101,317,15,N,True
2,53,317,15,N,True
2,291,272,15,N,True
2,0,272,15,N,True
2,346,272,15,N,True
2,148,272,15,N,True
2,0,127,15,N,True
2,346,127,15,N,True
2,0,300,15,N,True
2,346,300,15,N,True
2,299,300,15,N,True
2,291,10,15,N,True
2,0,10,15,N,True
2,291,72,15,N,True
2,0,72,15,N,True
2,291,208,15,N,True
2,0,208,15,N,True
2,291,113,15,N,True
2,334,113,15,N,True
2,0,113,15,N,True
2,313,113,15,N,True
2,148,113,15,N,True
2,289,19,15,N,True
2,312,19,15,N,True
2,0,19,15,N,True
2,214,19,15,N,True
2,312,262,15,N,True
2,0,262,15,N,True
2,312,44,15,N,True
2,0,44,15,N,True
2,312,220,15,N,True
2,0,220,15,N,True
2,310,151,15,N,True
2,312,151,15,N,True
2,0,151,15,N,True
2,0,333,15,N,True
2,214,333,15,N,True
2,0,230,15,N,True
2,214,230,15,N,True
2,101,bot0__1,15,N,True
2,0,176,15,N,True
2,148,176,15,N,True
2,0,84,15,N,True
2,313,84,15,N,True
2,103,172,15,N,True
2,0,172,15,N,True
2,313,172,15,N,True
2,0,3,15,N,True
2,0,175,15,N,True
2,0,46,15,N,True
2,0,135,15,N,True
2,0,23,15,N,True
2,0,63,15,N,True
2,313,63,15,N,True
2,334,134,15,N,True
2,0,134,15,N,True
2,0,270,15,N,True
2,0,76,15,N,True
2,0,36,15,N,True
2,0,274,15,N,True
2,0,197,15,N,True
2,152,275,15,N,True
2,0,275,15,N,True
2,0,273,15,N,True
2,0,71,15,N,True
2,0,238,15,N,True
2,313,238,15,N,True
2,0,265,15,N,True
2,313,265,15,N,True
2,0,139,15,N,True
2,0,64,15,N,True
2,0,217,15,N,True
2,0,283,15,N,True
2,0,159,15,N,True
2,0,59,15,N,True
2,334,66,15,N,True
2,0,66,15,N,True
2,334,123,15,N,True
2,0,123,15,N,True
2,0,284,15,N,True
2,0,171,15,N,True
2,0,222,15,N,True
2,313,222,15,N,True
2,0,125,15,N,True
2,0,212,15,N,True
2,0,237,15,N,True
2,0,311,15,N,True
2,0,70,15,N,True
2,0,251,15,N,True
2,0,55,15,N,True
2,0,228,15,N,True
2,0,69,15,N,True
2,0,156,15,N,True
2,0,286,15,N,True
2,0,81,15,N,True
2,0,293,15,N,True
2,0,42,15,N,True
2,0,281,15,N,True
2,0,263,15,N,True
2,0,279,15,N,True
2,0,51,15,N,True
2,0,338,15,N,True
2,0,268,15,N,True
2,0,192,15,N,True
2,152,181,15,N,True
2,0,181,15,N,True
2,0,245,15,N,True
2,0,328,15,N,True
2,0,331,15,N,True
2,0,150,15,N,True
2,0,296,15,N,True
2,0,102,15,N,True
2,0,163,15,N,True
2,0,173,15,N,True
2,334,165,15,N,True
2,0,165,15,N,True
2,0,306,15,N,True
2,0,189,15,N,True
2,0,259,15,N,True
2,0,58,15,N,True
2,0,269,15,N,True
2,0,227,15,N,True
2,0,96,15,N,True
2,0,91,15,N,True
2,0,143,15,N,True
2,0,235,15,N,True
2,0,6,15,N,True
2,0,89,15,N,True
2,0,107,15,N,True
2,0,79,15,N,True
2,0,301,15,N,True
2,0,100,15,N,True
2,0,110,15,N,True
2,0,225,15,N,True
2,0,295,15,N,True
2,0,201,15,N,True
2,0,321,15,N,True
2,0,68,15,N,True
2,0,298,15,N,True
2,0,193,15,N,True
2,0,97,15,N,True
2,0,124,15,N,True
2,0,112,15,N,True
2,0,90,15,N,True
2,0,179,15,N,True
2,0,216,15,N,True
2,0,145,15,N,True
2,0,157,15,N,True
2,152,4,15,N,True
2,0,4,15,N,True
2,0,95,15,N,True
2,0,120,15,N,True
2,0,247,15,N,True
2,0,282,15,N,True
2,0,244,15,N,True
2,0,233,15,N,True
2,0,256,15,N,True
2,0,166,15,N,True
2,0,202,15,N,True
2,0,155,15,N,True
2,0,147,15,N,True
2,334,229,15,N,True
2,0,229,15,N,True
2,148,229,15,N,True
2,0,138,15,N,True
2,0,164,15,N,True
2,0,240,15,N,True
2,0,153,15,N,True
2,0,154,15,N,True
2,0,182,15,N,True
2,0,336,15,N,True
2,0,241,15,N,True
2,0,294,15,N,True
2,0,253,15,N,True
2,0,267,15,N,True
2,0,316,15,N,True
2,0,205,15,N,True
2,0,47,15,N,True
2,0,183,15,N,True
2,0,52,15,N,True
2,0,35,15,N,True
2,148,bot0__7,15,N,True
2,0,122,16,N,True
2,280,122,16,N,True
2,285,122,16,N,True
2,0,103,16,N,True
2,285,103,16,N,True
2,231,232,16,N,True
2,0,232,16,N,True
2,280,232,16,N,True
2,285,232,16,N,True
2,0,146,16,N,True
2,285,146,16,N,True
2,0,188,16,N,True
2,280,188,16,N,True
2,285,188,16,N,True
2,0,136,16,N,True
2,285,136,16,N,True
2,0,200,16,N,True
2,280,200,16,N,True
2,285,200,16,N,True
2,0,60,16,N,True
2,285,60,16,N,True
2,231,213,16,N,True
2,0,213,16,N,True
2,285,213,16,N,True
2,0,98,16,N,True
2,280,98,16,N,True
2,285,98,16,N,True
2,0,170,16,N,True
2,285,170,16,N,True
2,0,323,16,N,True
2,280,323,16,N,True
2,285,323,16,N,True
2,0,208,16,N,True
2,285,208,16,N,True
2,0,119,16,N,True
2,280,119,16,N,True
2,285,119,16,N,True
2,231,315,16,N,True
2,0,315,16,N,True
2,280,315,16,N,True
2,285,315,16,N,True
2,0,345,16,N,True
2,285,345,16,N,True
2,0,272,16,N,True
2,280,272,16,N,True
2,285,272,16,N,True
2,0,221,16,N,True
2,285,221,16,N,True
2,0,164,16,N,True
2,285,164,16,N,True
2,0,277,16,N,True
2,280,277,16,N,True
2,285,277,16,N,True
2,0,203,16,N,True
2,285,203,16,N,True
2,0,185,16,N,True
2,280,185,16,N,True
2,285,185,16,N,True
2,0,196,16,N,True
2,285,196,16,N,True
2,0,304,16,N,True
2,280,304,16,N,True
2,285,304,16,N,True
2,0,109,16,N,True
2,285,109,16,N,True
2,231,25,16,N,True
2,0,25,16,N,True
2,280,25,16,N,True
2,285,25,16,N,True
2,231,56,16,N,True
2,0,56,16,N,True
2,285,56,16,N,True
2,0,342,16,N,True
2,285,342,16,N,True
2,0,261,16,N,True
2,285,261,16,N,True
2,0,10,16,N,True
2,285,10,16,N,True
2,0,67,16,N,True
2,280,67,16,N,True
2,285,67,16,N,True
2,0,113,16,N,True
2,285,113,16,N,True
2,0,26,16,N,True
2,280,26,16,N,True
2,285,26,16,N,True
2,231,239,16,N,True
2,0,239,16,N,True
2,280,239,16,N,True
2,285,239,16,N,True
2,231,82,16,N,True
2,0,82,16,N,True
2,231,178,16,N,True
2,0,178,16,N,True
2,231,40,16,N,True
2,0,40,16,N,True
2,77,40,16,N,True
2,280,40,16,N,True
2,231,29,16,N,True
2,0,29,16,N,True
2,231,106,16,N,True
2,0,106,16,N,True
2,231,172,16,N,True
2,0,172,16,N,True
2,231,199,16,N,True
2,0,199,16,N,True
2,231,291,16,N,True
2,0,291,16,N,True
2,280,291,16,N,True
2,231,329,16,N,True
2,0,329,16,N,True
2,280,329,16,N,True
2,0,236,16,N,True
2,280,236,16,N,True
2,0,24,16,N,True
2,0,346,16,N,True
2,0,130,16,N,True
2,0,204,16,N,True
2,0,65,16,N,True
2,0,276,16,N,True
2,0,53,16,N,True
2,0,3,16,N,True
2,280,3,16,N,True
2,0,175,16,N,True
2,0,254,16,N,True
2,0,194,16,N,True
2,0,127,16,N,True
2,0,135,16,N,True
2,0,23,16,N,True
2,0,116,16,N,True
2,0,73,16,N,True
2,0,299,16,N,True
2,0,48,16,N,True
2,0,57,16,N,True
2,0,63,16,N,True
2,0,118,16,N,True
2,0,325,16,N,True
2,0,134,16,N,True
2,0,270,16,N,True
2,0,76,16,N,True
2,0,36,16,N,True
2,0,223,16,N,True
2,0,21,16,N,True
2,280,21,16,N,True
2,0,339,16,N,True
2,0,108,16,N,True
2,0,197,16,N,True
2,0,169,16,N,True
2,280,169,16,N,True
2,0,275,16,N,True
2,0,273,16,N,True
2,0,83,16,N,True
2,0,28,16,N,True
2,0,312,16,N,True
2,0,242,16,N,True
2,0,214,16,N,True
2,0,307,16,N,True
2,0,71,16,N,True
2,0,333,16,N,True
2,0,207,16,N,True
2,0,168,16,N,True
2,0,308,16,N,True
2,0,128,16,N,True
2,0,265,16,N,True
2,0,141,16,N,True
2,280,141,16,N,True
2,0,78,16,N,True
2,0,317,16,N,True
2,0,158,16,N,True
2,0,302,16,N,True
2,0,27,16,N,True
2,0,139,16,N,True
2,0,64,16,N,True
2,0,217,16,N,True
2,0,248,16,N,True
2,0,224,16,N,True
2,0,283,16,N,True
2,0,144,16,N,True
2,0,300,16,N,True
2,0,94,16,N,True
2,0,1,16,N,True
2,280,1,16,N,True
2,0,184,16,N,True
2,0,159,16,N,True
2,0,149,16,N,True
2,0,59,16,N,True
2,0,326,16,N,True
2,0,80,16,N,True
2,0,187,16,N,True
2,0,161,16,N,True
2,0,66,16,N,True
2,0,31,16,N,True
2,280,31,16,N,True
2,0,7,16,N,True
2,0,255,16,N,True
2,0,49,16,N,True
2,0,123,16,N,True
2,0,140,16,N,True
2,0,137,16,N,True
2,0,115,16,N,True
2,0,297,16,N,True
2,280,297,16,N,True
2,0,104,16,N,True
2,0,171,16,N,True
2,0,111,16,N,True
2,0,14,16,N,True
2,0,310,16,N,True
2,0,30,16,N,True
2,0,222,16,N,True
2,0,92,16,N,True
2,0,72,16,N,True
2,0,125,16,N,True
2,0,266,16,N,True
2,0,278,16,N,True
2,0,340,16,N,True
2,0,237,16,N,True
2,0,311,16,N,True
2,0,309,16,N,True
2,0,230,16,N,True
2,0,70,16,N,True
2,0,16,16,N,True
2,0,249,16,N,True
2,0,39,16,N,True
2,280,39,16,N,True
2,0,251,16,N,True
2,0,228,16,N,True
2,0,69,16,N,True
2,0,257,16,N,True
2,280,257,16,N,True
2,0,286,16,N,True
2,0,81,16,N,True
2,0,174,16,N,True
2,0,293,16,N,True
2,0,33,16,N,True
2,0,42,16,N,True
2,0,2,16,N,True
2,0,263,16,N,True
2,0,279,16,N,True
2,0,51,16,N,True
2,0,338,16,N,True
2,0,162,16,N,True
2,0,75,16,N,True
2,0,218,16,N,True
2,0,268,16,N,True
2,0,5,16,N,True
2,0,243,16,N,True
2,0,181,16,N,True
2,0,8,16,N,True
2,0,245,16,N,True
2,0,328,16,N,True
2,0,331,16,N,True
2,0,150,16,N,True
2,0,296,16,N,True
2,0,102,16,N,True
2,0,163,16,N,True
2,0,173,16,N,True
2,0,121,16,N,True
2,280,121,16,N,True
2,0,306,16,N,True
2,0,177,16,N,True
2,0,87,16,N,True
2,0,189,16,N,True
2,0,45,16,N,True
2,0,269,16,N,True
2,0,167,16,N,True
2,0,96,16,N,True
2,0,91,16,N,True
2,0,61,16,N,True
2,0,41,16,N,True
2,0,235,16,N,True
2,0,6,16,N,True
2,0,89,16,N,True
2,0,107,16,N,True
2,0,132,16,N,True
2,0,301,16,N,True
2,0,250,16,N,True
2,0,337,16,N,True
2,0,100,16,N,True
2,0,86,16,N,True
2,0,152,16,N,True
2,0,295,16,N,True
2,0,201,16,N,True
2,0,289,16,N,True
2,0,260,16,N,True
2,0,160,16,N,True
2,0,321,16,N,True
2,0,131,16,N,True
2,0,22,16,N,True
2,0,298,16,N,True
2,0,262,16,N,True
2,0,220,16,N,True
2,0,234,16,N,True
2,0,44,16,N,True
2,0,50,16,N,True
2,0,97,16,N,True
2,0,124,16,N,True
2,0,112,16,N,True
2,0,90,16,N,True
2,0,179,16,N,True
2,0,216,16,N,True
2,0,151,16,N,True
2,0,157,16,N,True
2,0,4,16,N,True
2,0,327,16,N,True
2,0,95,16,N,True
2,0,120,16,N,True
2,0,247,16,N,True
2,0,190,16,N,True
2,0,319,16,N,True
2,0,233,16,N,True
2,0,256,16,N,True
2,0,202,16,N,True
2,0,155,16,N,True
2,0,191,16,N,True
2,0,147,16,N,True
2,0,206,16,N,True
2,0,229,16,N,True
2,0,138,16,N,True
2,0,219,16,N,True
2,0,305,16,N,True
2,0,153,16,N,True
2,280,153,16,N,True
2,0,154,16,N,True
2,0,182,16,N,True
2,0,294,16,N,True
2,77,294,16,N,True
2,0,253,16,N,True
2,0,267,16,N,True
2,0,316,16,N,True
2,0,205,16,N,True
2,0,47,16,N,True
2,0,183,16,N,True
2,0,52,16,N,True
2,0,35,16,N,True
2,278,131,17,N,True
2,0,131,17,N,True
2,225,131,17,N,True
2,143,131,17,N,True
2,22,185,17,N,True
2,0,185,17,N,True
2,0,317,17,N,True
2,158,317,17,N,True
2,0,40,17,N,True
2,158,40,17,N,True
2,291,26,17,N,True
2,0,26,17,N,True
2,158,26,17,N,True
2,291,315,17,N,True
2,7,315,17,N,True
2,158,315,17,N,True
2,0,315,17,N,True
2,0,142,17,N,True
2,158,142,17,N,True
2,31,142,17,N,True
2,291,332,17,N,True
2,0,332,17,N,True
2,158,332,17,N,True
2,0,82,17,N,True
2,158,82,17,N,True
2,0,109,17,N,True
2,158,109,17,N,True
2,31,109,17,N,True
2,0,242,17,N,True
2,158,242,17,N,True
2,0,132,17,N,True
2,158,132,17,N,True
2,7,322,17,N,True
2,158,322,17,N,True
2,0,322,17,N,True
2,291,113,17,N,True
2,0,113,17,N,True
2,158,113,17,N,True
2,0,325,17,N,True
2,158,325,17,N,True
2,0,67,17,N,True
2,158,67,17,N,True
2,31,67,17,N,True
2,291,60,17,N,True
2,0,60,17,N,True
2,158,60,17,N,True
2,7,136,17,N,True
2,0,136,17,N,True
2,7,246,17,N,True
2,0,246,17,N,True
2,7,340,17,N,True
2,0,340,17,N,True
2,7,38,17,N,True
2,0,38,17,N,True
2,7,65,17,N,True
2,0,65,17,N,True
2,7,103,17,N,True
2,0,103,17,N,True
2,291,252,17,N,True
2,0,252,17,N,True
2,31,252,17,N,True
2,291,329,17,N,True
2,0,329,17,N,True
2,291,224,17,N,True
2,0,224,17,N,True
2,291,188,17,N,True
2,0,188,17,N,True
2,291,258,17,N,True
2,0,258,17,N,True
2,291,199,17,N,True
2,0,199,17,N,True
2,291,169,17,N,True
2,0,169,17,N,True
2,291,98,17,N,True
2,0,98,17,N,True
2,291,231,17,N,True
2,0,231,17,N,True
2,0,35,17,N,True
2,143,35,17,N,True
2,0,115,17,N,True
2,19,115,17,N,True
2,0,312,17,N,True
2,19,312,17,N,True
2,0,293,17,N,True
2,19,293,17,N,True
2,0,112,17,N,True
2,19,112,17,N,True
2,0,138,17,N,True
2,19,138,17,N,True
2,0,174,17,N,True
2,19,174,17,N,True
2,0,214,17,N,True
2,19,214,17,N,True
2,0,343,17,N,True
2,19,343,17,N,True
2,0,17,17,N,True
2,19,17,17,N,True
2,0,289,17,N,True
2,19,289,17,N,True
2,0,319,17,N,True
2,19,319,17,N,True
2,0,89,17,N,True
2,19,89,17,N,True
2,0,41,17,N,True
2,19,41,17,N,True
2,0,236,17,N,True
2,0,186,17,N,True
2,0,122,17,N,True
2,31,122,17,N,True
2,0,176,17,N,True
2,0,130,17,N,True
2,0,211,17,N,True
2,0,133,17,N,True
2,0,62,17,N,True
2,0,239,17,N,True
2,0,172,17,N,True
2,0,53,17,N,True
2,0,3,17,N,True
2,0,170,17,N,True
2,0,254,17,N,True
2,bot0__6,254,17,N,True
2,0,194,17,N,True
2,0,135,17,N,True
2,0,116,17,N,True
2,23,116,17,N,True
2,0,288,17,N,True
2,0,48,17,N,True
2,0,57,17,N,True
2,0,200,17,N,True
2,31,200,17,N,True
2,0,313,17,N,True
2,0,344,17,N,True
2,0,270,17,N,True
2,0,223,17,N,True
2,0,88,17,N,True
2,0,108,17,N,True
2,0,275,17,N,True
2,0,83,17,N,True
2,23,83,17,N,True
2,31,83,17,N,True
2,0,71,17,N,True
2,0,333,17,N,True
2,0,341,17,N,True
2,0,334,17,N,True
2,0,238,17,N,True
2,0,265,17,N,True
2,0,345,17,N,True
2,0,54,17,N,True
2,0,64,17,N,True
2,0,217,17,N,True
2,0,126,17,N,True
2,0,261,17,N,True
2,0,283,17,N,True
2,0,144,17,N,True
2,23,144,17,N,True
2,0,342,17,N,True
2,0,1,17,N,True
2,0,184,17,N,True
2,0,159,17,N,True
2,0,149,17,N,True
2,0,59,17,N,True
2,0,326,17,N,True
2,0,80,17,N,True
2,0,161,17,N,True
2,0,66,17,N,True
2,0,255,17,N,True
2,0,49,17,N,True
2,0,320,17,N,True
2,0,85,17,N,True
2,0,284,17,N,True
2,0,140,17,N,True
2,0,137,17,N,True
2,0,297,17,N,True
2,0,104,17,N,True
2,0,171,17,N,True
2,0,111,17,N,True
2,0,14,17,N,True
2,0,310,17,N,True
2,0,32,17,N,True
2,0,30,17,N,True
2,0,222,17,N,True
2,0,92,17,N,True
2,0,125,17,N,True
2,0,212,17,N,True
2,0,237,17,N,True
2,23,237,17,N,True
2,31,237,17,N,True
2,0,311,17,N,True
2,0,309,17,N,True
2,0,230,17,N,True
2,23,230,17,N,True
2,0,249,17,N,True
2,0,39,17,N,True
2,0,228,17,N,True
2,0,257,17,N,True
2,0,196,17,N,True
2,0,303,17,N,True
2,0,286,17,N,True
2,0,281,17,N,True
2,0,51,17,N,True
2,23,51,17,N,True
2,31,51,17,N,True
2,0,338,17,N,True
2,31,338,17,N,True
2,0,162,17,N,True
2,0,75,17,N,True
2,0,268,17,N,True
2,0,314,17,N,True
2,0,178,17,N,True
2,0,192,17,N,True
2,0,181,17,N,True
2,0,245,17,N,True
2,23,245,17,N,True
2,0,150,17,N,True
2,0,173,17,N,True
2,0,165,17,N,True
2,0,306,17,N,True
2,0,180,17,N,True
2,0,259,17,N,True
2,0,58,17,N,True
2,0,167,17,N,True
2,0,93,17,N,True
2,0,235,17,N,True
2,0,6,17,N,True
2,0,221,17,N,True
2,0,301,17,N,True
2,0,29,17,N,True
2,0,337,17,N,True
2,0,100,17,N,True
2,0,264,17,N,True
2,0,152,17,N,True
2,0,201,17,N,True
2,0,260,17,N,True
2,0,298,17,N,True
2,0,262,17,N,True
2,0,220,17,N,True
2,0,44,17,N,True
2,0,193,17,N,True
2,0,97,17,N,True
2,0,124,17,N,True
2,23,124,17,N,True
2,0,179,17,N,True
2,0,216,17,N,True
2,0,151,17,N,True
2,0,145,17,N,True
2,0,157,17,N,True
2,0,327,17,N,True
2,0,95,17,N,True
2,0,120,17,N,True
2,0,244,17,N,True
2,0,233,17,N,True
2,0,166,17,N,True
2,0,202,17,N,True
2,0,147,17,N,True
2,0,229,17,N,True
2,0,240,17,N,True
2,23,240,17,N,True
2,0,77,17,N,True
2,0,219,17,N,True
2,0,198,17,N,True
2,0,182,17,N,True
2,0,336,17,N,True
2,0,294,17,N,True
2,0,316,17,N,True
2,0,47,17,N,True
2,bot0__6,47,17,N,True
2,0,183,17,N,True
2,0,34,17,N,True
2,109,118,18,N,True
2,134,118,18,N,True
2,161,118,18,N,True
2,67,118,18,N,True
2,271,118,18,N,True
2,26,118,18,N,True
2,56,118,18,N,True
2,252,118,18,N,True
2,203,118,18,N,True
2,0,118,18,N,True
2,277,118,18,N,True
2,322,118,18,N,True
2,200,118,18,N,True
2,109,325,18,N,True
2,67,325,18,N,True
2,158,325,18,N,True
2,161,325,18,N,True
2,271,325,18,N,True
2,56,325,18,N,True
2,26,325,18,N,True
2,252,325,18,N,True
2,203,325,18,N,True
2,186,325,18,N,True
2,21,325,18,N,True
2,104,325,18,N,True
2,0,325,18,N,True
2,122,325,18,N,True
2,277,325,18,N,True
2,40,325,18,N,True
2,200,325,18,N,True
2,109,331,18,N,True
2,271,331,18,N,True
2,56,331,18,N,True
2,203,331,18,N,True
2,332,331,18,N,True
2,186,331,18,N,True
2,0,331,18,N,True
2,109,148,18,N,True
2,0,148,18,N,True
2,9,148,18,N,True
2,271,148,18,N,True
2,109,304,18,N,True
2,158,304,18,N,True
2,21,304,18,N,True
2,31,304,18,N,True
2,161,304,18,N,True
2,285,304,18,N,True
2,322,304,18,N,True
2,9,304,18,N,True
2,56,304,18,N,True
2,236,304,18,N,True
2,170,304,18,N,True
2,26,304,18,N,True
2,0,304,18,N,True
2,40,304,18,N,True
2,134,304,18,N,True
2,67,304,18,N,True
2,271,304,18,N,True
2,252,304,18,N,True
2,203,304,18,N,True
2,332,304,18,N,True
2,334,304,18,N,True
2,122,304,18,N,True
2,277,304,18,N,True
2,188,304,18,N,True
2,200,304,18,N,True
2,334,229,18,N,True
2,109,229,18,N,True
2,0,229,18,N,True
2,109,295,18,N,True
2,9,295,18,N,True
2,26,295,18,N,True
2,104,295,18,N,True
2,0,295,18,N,True
2,109,50,18,N,True
2,203,50,18,N,True
2,334,50,18,N,True
2,0,50,18,N,True
2,277,50,18,N,True
2,109,98,18,N,True
2,186,98,18,N,True
2,21,98,18,N,True
2,104,98,18,N,True
2,123,98,18,N,True
2,285,98,18,N,True
2,56,98,18,N,True
2,26,98,18,N,True
2,170,98,18,N,True
2,0,98,18,N,True
2,62,98,18,N,True
2,67,98,18,N,True
2,271,98,18,N,True
2,252,98,18,N,True
2,203,98,18,N,True
2,332,98,18,N,True
2,122,98,18,N,True
2,277,98,18,N,True
2,200,98,18,N,True
2,0,317,18,N,True
2,158,317,18,N,True
2,40,317,18,N,True
2,158,25,18,N,True
2,186,25,18,N,True
2,21,25,18,N,True
2,104,25,18,N,True
2,297,25,18,N,True
2,31,25,18,N,True
2,3,25,18,N,True
2,285,25,18,N,True
2,322,25,18,N,True
2,9,25,18,N,True
2,56,25,18,N,True
2,236,25,18,N,True
2,170,25,18,N,True
2,26,25,18,N,True
2,0,25,18,N,True
2,40,25,18,N,True
2,67,25,18,N,True
2,271,25,18,N,True
2,252,25,18,N,True
2,203,25,18,N,True
2,332,25,18,N,True
2,122,25,18,N,True
2,277,25,18,N,True
2,188,25,18,N,True
2,200,25,18,N,True
2,67,82,18,N,True
2,158,82,18,N,True
2,271,82,18,N,True
2,56,82,18,N,True
2,252,82,18,N,True
2,170,82,18,N,True
2,203,82,18,N,True
2,0,82,18,N,True
2,123,82,18,N,True
2,158,339,18,N,True
2,161,339,18,N,True
2,0,339,18,N,True
2,334,339,18,N,True
2,277,339,18,N,True
2,322,339,18,N,True
2,31,339,18,N,True
2,0,242,18,N,True
2,158,242,18,N,True
2,322,242,18,N,True
2,134,132,18,N,True
2,158,132,18,N,True
2,56,132,18,N,True
2,303,132,18,N,True
2,45,132,18,N,True
2,0,132,18,N,True
2,334,132,18,N,True
2,277,132,18,N,True
2,bot0__3,132,18,N,True
2,40,132,18,N,True
2,277,22,18,N,True
2,0,22,18,N,True
2,158,22,18,N,True
2,277,168,18,N,True
2,0,168,18,N,True
2,158,168,18,N,True
2,31,168,18,N,True
2,134,248,18,N,True
2,67,248,18,N,True
2,158,248,18,N,True
2,26,248,18,N,True
2,236,248,18,N,True
2,252,248,18,N,True
2,332,248,18,N,True
2,21,248,18,N,True
2,0,248,18,N,True
2,122,248,18,N,True
2,277,248,18,N,True
2,200,248,18,N,True
2,158,60,18,N,True
2,56,60,18,N,True
2,285,60,18,N,True
2,0,60,18,N,True
2,322,60,18,N,True
2,56,88,18,N,True
2,236,88,18,N,True
2,186,88,18,N,True
2,303,88,18,N,True
2,21,88,18,N,True
2,0,88,18,N,True
2,322,88,18,N,True
2,67,213,18,N,True
2,161,213,18,N,True
2,56,213,18,N,True
2,236,213,18,N,True
2,345,213,18,N,True
2,332,213,18,N,True
2,186,213,18,N,True
2,303,213,18,N,True
2,285,213,18,N,True
2,0,213,18,N,True
2,122,213,18,N,True
2,277,213,18,N,True
2,322,213,18,N,True
2,40,213,18,N,True
2,67,272,18,N,True
2,9,272,18,N,True
2,271,272,18,N,True
2,56,272,18,N,True
2,236,272,18,N,True
2,252,272,18,N,True
2,203,272,18,N,True
2,186,272,18,N,True
2,285,272,18,N,True
2,21,272,18,N,True
2,0,272,18,N,True
2,122,272,18,N,True
2,297,272,18,N,True
2,277,272,18,N,True
2,188,272,18,N,True
2,40,272,18,N,True
2,134,199,18,N,True
2,67,199,18,N,True
2,161,199,18,N,True
2,9,199,18,N,True
2,271,199,18,N,True
2,56,199,18,N,True
2,26,199,18,N,True
2,252,199,18,N,True
2,203,199,18,N,True
2,186,199,18,N,True
2,0,199,18,N,True
2,62,199,18,N,True
2,322,199,18,N,True
2,40,199,18,N,True
2,200,199,18,N,True
2,67,223,18,N,True
2,271,223,18,N,True
2,26,223,18,N,True
2,56,223,18,N,True
2,170,223,18,N,True
2,252,223,18,N,True
2,203,223,18,N,True
2,186,223,18,N,True
2,21,223,18,N,True
2,0,223,18,N,True
2,188,223,18,N,True
2,62,223,18,N,True
2,200,223,18,N,True
2,67,128,18,N,True
2,9,128,18,N,True
2,271,128,18,N,True
2,56,128,18,N,True
2,26,128,18,N,True
2,170,128,18,N,True
2,252,128,18,N,True
2,203,128,18,N,True
2,186,128,18,N,True
2,104,128,18,N,True
2,0,128,18,N,True
2,334,128,18,N,True
2,122,128,18,N,True
2,322,128,18,N,True
2,56,221,18,N,True
2,186,221,18,N,True
2,303,221,18,N,True
2,285,221,18,N,True
2,45,221,18,N,True
2,0,221,18,N,True
2,322,221,18,N,True
2,0,222,18,N,True
2,186,222,18,N,True
2,56,222,18,N,True
2,9,30,18,N,True
2,271,30,18,N,True
2,56,30,18,N,True
2,236,30,18,N,True
2,303,30,18,N,True
2,0,30,18,N,True
2,188,30,18,N,True
2,322,30,18,N,True
2,200,30,18,N,True
2,67,212,18,N,True
2,271,212,18,N,True
2,26,212,18,N,True
2,56,212,18,N,True
2,252,212,18,N,True
2,21,212,18,N,True
2,104,212,18,N,True
2,0,212,18,N,True
2,40,212,18,N,True
2,67,313,18,N,True
2,271,313,18,N,True
2,56,313,18,N,True
2,26,313,18,N,True
2,170,313,18,N,True
2,252,313,18,N,True
2,203,313,18,N,True
2,285,313,18,N,True
2,21,313,18,N,True
2,0,313,18,N,True
2,21,235,18,N,True
2,0,235,18,N,True
2,122,235,18,N,True
2,67,342,18,N,True
2,9,342,18,N,True
2,271,342,18,N,True
2,56,342,18,N,True
2,252,342,18,N,True
2,170,342,18,N,True
2,203,342,18,N,True
2,285,342,18,N,True
2,21,342,18,N,True
2,0,342,18,N,True
2,122,342,18,N,True
2,277,342,18,N,True
2,188,342,18,N,True
2,123,342,18,N,True
2,322,342,18,N,True
2,9,105,18,N,True
2,236,105,18,N,True
2,21,105,18,N,True
2,0,105,18,N,True
2,277,105,18,N,True
2,67,136,18,N,True
2,56,136,18,N,True
2,285,136,18,N,True
2,21,136,18,N,True
2,0,136,18,N,True
2,122,136,18,N,True
2,322,136,18,N,True
2,21,121,18,N,True
2,0,121,18,N,True
2,236,121,18,N,True
2,21,281,18,N,True
2,0,281,18,N,True
2,122,281,18,N,True
2,21,165,18,N,True
2,334,165,18,N,True
2,0,165,18,N,True
2,188,165,18,N,True
2,200,165,18,N,True
2,161,39,18,N,True
2,21,39,18,N,True
2,0,39,18,N,True
2,277,39,18,N,True
2,200,39,18,N,True
2,21,159,18,N,True
2,277,159,18,N,True
2,0,159,18,N,True
2,345,159,18,N,True
2,271,318,18,N,True
2,236,318,18,N,True
2,104,318,18,N,True
2,0,318,18,N,True
2,334,318,18,N,True
2,62,318,18,N,True
2,bot0__3,318,18,N,True
2,123,318,18,N,True
2,104,344,18,N,True
2,0,344,18,N,True
2,122,344,18,N,True
2,67,344,18,N,True
2,67,261,18,N,True
2,271,261,18,N,True
2,56,261,18,N,True
2,345,261,18,N,True
2,252,261,18,N,True
2,203,261,18,N,True
2,285,261,18,N,True
2,0,261,18,N,True
2,122,261,18,N,True
2,297,261,18,N,True
2,62,261,18,N,True
2,123,261,18,N,True
2,252,65,18,N,True
2,203,65,18,N,True
2,0,65,18,N,True
2,297,65,18,N,True
2,0,51,18,N,True
2,31,51,18,N,True
2,0,83,18,N,True
2,31,83,18,N,True
2,252,338,18,N,True
2,203,338,18,N,True
2,0,338,18,N,True
2,31,338,18,N,True
2,0,129,18,N,True
2,31,129,18,N,True
2,0,7,18,N,True
2,322,7,18,N,True
2,31,7,18,N,True
2,236,84,18,N,True
2,0,84,18,N,True
2,31,84,18,N,True
2,0,87,18,N,True
2,161,87,18,N,True
2,322,87,18,N,True
2,161,258,18,N,True
2,9,258,18,N,True
2,0,258,18,N,True
2,188,258,18,N,True
2,40,258,18,N,True
2,0,283,18,N,True
2,3,283,18,N,True
2,9,85,18,N,True
2,271,85,18,N,True
2,3,85,18,N,True
2,170,85,18,N,True
2,0,85,18,N,True
2,188,85,18,N,True
2,322,85,18,N,True
2,0,228,18,N,True
2,3,228,18,N,True
2,0,146,18,N,True
2,285,146,18,N,True
2,0,246,18,N,True
2,322,246,18,N,True
2,285,246,18,N,True
2,332,208,18,N,True
2,285,208,18,N,True
2,0,208,18,N,True
2,277,208,18,N,True
2,188,208,18,N,True
2,0,164,18,N,True
2,285,164,18,N,True
2,0,117,18,N,True
2,285,117,18,N,True
2,271,211,18,N,True
2,56,211,18,N,True
2,170,211,18,N,True
2,203,211,18,N,True
2,285,211,18,N,True
2,0,211,18,N,True
2,332,53,18,N,True
2,0,53,18,N,True
2,322,53,18,N,True
2,0,207,18,N,True
2,322,207,18,N,True
2,56,207,18,N,True
2,271,48,18,N,True
2,203,48,18,N,True
2,332,48,18,N,True
2,0,48,18,N,True
2,322,48,18,N,True
2,236,1,18,N,True
2,0,1,18,N,True
2,322,1,18,N,True
2,277,130,18,N,True
2,0,130,18,N,True
2,322,130,18,N,True
2,62,130,18,N,True
2,252,250,18,N,True
2,170,250,18,N,True
2,0,250,18,N,True
2,322,250,18,N,True
2,67,224,18,N,True
2,9,224,18,N,True
2,271,224,18,N,True
2,26,224,18,N,True
2,236,224,18,N,True
2,332,224,18,N,True
2,0,224,18,N,True
2,122,224,18,N,True
2,62,224,18,N,True
2,188,224,18,N,True
2,322,224,18,N,True
2,40,224,18,N,True
2,200,224,18,N,True
2,170,260,18,N,True
2,0,260,18,N,True
2,322,260,18,N,True
2,332,38,18,N,True
2,0,38,18,N,True
2,322,38,18,N,True
2,9,231,18,N,True
2,56,231,18,N,True
2,332,231,18,N,True
2,0,231,18,N,True
2,40,231,18,N,True
2,67,156,18,N,True
2,9,156,18,N,True
2,0,156,18,N,True
2,122,156,18,N,True
2,188,156,18,N,True
2,67,79,18,N,True
2,9,79,18,N,True
2,271,79,18,N,True
2,26,79,18,N,True
2,252,79,18,N,True
2,0,79,18,N,True
2,188,79,18,N,True
2,200,79,18,N,True
2,67,69,18,N,True
2,9,69,18,N,True
2,26,69,18,N,True
2,236,69,18,N,True
2,0,69,18,N,True
2,67,141,18,N,True
2,9,141,18,N,True
2,271,141,18,N,True
2,26,141,18,N,True
2,236,141,18,N,True
2,56,141,18,N,True
2,0,141,18,N,True
2,122,141,18,N,True
2,62,141,18,N,True
2,40,141,18,N,True
2,134,238,18,N,True
2,271,238,18,N,True
2,56,238,18,N,True
2,252,238,18,N,True
2,203,238,18,N,True
2,0,238,18,N,True
2,271,298,18,N,True
2,26,298,18,N,True
2,56,298,18,N,True
2,0,298,18,N,True
2,40,298,18,N,True
2,0,63,18,N,True
2,271,63,18,N,True
2,56,63,18,N,True
2,56,bot0__5,18,N,True
2,236,bot0__2,18,N,True
2,170,268,18,N,True
2,0,268,18,N,True
2,271,268,18,N,True
2,203,268,18,N,True
2,0,24,18,N,True
2,0,346,18,N,True
2,277,175,18,N,True
2,0,175,18,N,True
2,0,46,18,N,True
2,0,194,18,N,True
2,0,135,18,N,True
2,0,73,18,N,True
2,0,288,18,N,True
2,277,57,18,N,True
2,0,57,18,N,True
2,203,270,18,N,True
2,0,270,18,N,True
2,0,76,18,N,True
2,0,36,18,N,True
2,0,28,18,N,True
2,0,214,18,N,True
2,0,307,18,N,True
2,40,307,18,N,True
2,0,71,18,N,True
2,0,78,18,N,True
2,0,27,18,N,True
2,0,54,18,N,True
2,0,139,18,N,True
2,0,217,18,N,True
2,0,144,18,N,True
2,0,226,18,N,True
2,0,300,18,N,True
2,0,17,18,N,True
2,0,187,18,N,True
2,0,49,18,N,True
2,0,320,18,N,True
2,0,140,18,N,True
2,0,137,18,N,True
2,0,343,18,N,True
2,0,115,18,N,True
2,0,171,18,N,True
2,0,111,18,N,True
2,0,32,18,N,True
2,0,125,18,N,True
2,0,266,18,N,True
2,0,278,18,N,True
2,0,340,18,N,True
2,0,309,18,N,True
2,0,70,18,N,True
2,0,249,18,N,True
2,163,249,18,N,True
2,0,286,18,N,True
2,0,81,18,N,True
2,0,174,18,N,True
2,0,293,18,N,True
2,0,263,18,N,True
2,0,19,18,N,True
2,0,192,18,N,True
2,0,243,18,N,True
2,0,195,18,N,True
2,0,181,18,N,True
2,0,296,18,N,True
2,0,102,18,N,True
2,0,177,18,N,True
2,0,180,18,N,True
2,0,189,18,N,True
2,0,259,18,N,True
2,0,58,18,N,True
2,0,167,18,N,True
2,0,96,18,N,True
2,62,96,18,N,True
2,0,91,18,N,True
2,0,143,18,N,True
2,0,41,18,N,True
2,0,6,18,N,True
2,0,107,18,N,True
2,0,301,18,N,True
2,332,106,18,N,True
2,0,106,18,N,True
2,0,337,18,N,True
2,0,100,18,N,True
2,163,100,18,N,True
2,0,110,18,N,True
2,0,86,18,N,True
2,0,201,18,N,True
2,0,321,18,N,True
2,0,68,18,N,True
2,0,131,18,N,True
2,0,262,18,N,True
2,0,220,18,N,True
2,0,97,18,N,True
2,0,112,18,N,True
2,0,90,18,N,True
2,0,216,18,N,True
2,0,151,18,N,True
2,0,157,18,N,True
2,0,4,18,N,True
2,0,327,18,N,True
2,277,120,18,N,True
2,0,120,18,N,True
2,0,247,18,N,True
2,0,319,18,N,True
2,0,233,18,N,True
2,0,191,18,N,True
2,0,147,18,N,True
2,0,138,18,N,True
2,0,240,18,N,True
2,332,77,18,N,True
2,0,77,18,N,True
2,40,77,18,N,True
2,0,305,18,N,True
2,0,154,18,N,True
2,0,198,18,N,True
2,0,182,18,N,True
2,277,294,18,N,True
2,0,294,18,N,True
2,0,253,18,N,True
2,0,267,18,N,True
2,0,316,18,N,True
2,0,205,18,N,True
2,0,47,18,N,True
2,0,183,18,N,True
2,0,52,18,N,True
2,0,35,18,N,True
2,163,bot0__0,18,N,True
2,109,118,19,N,True
2,26,118,19,N,True
2,0,118,19,N,True
2,239,118,19,N,True
2,322,118,19,N,True
2,212,56,19,N,True
2,109,56,19,N,True
2,88,56,19,N,True
2,9,56,19,N,True
2,26,56,19,N,True
2,213,56,19,N,True
2,332,56,19,N,True
2,315,56,19,N,True
2,0,56,19,N,True
2,239,56,19,N,True
2,322,56,19,N,True
2,109,119,19,N,True
2,9,119,19,N,True
2,26,119,19,N,True
2,332,119,19,N,True
2,1,119,19,N,True
2,0,119,19,N,True
2,239,119,19,N,True
2,146,119,19,N,True
2,54,119,19,N,True
2,109,200,19,N,True
2,9,200,19,N,True
2,26,200,19,N,True
2,332,200,19,N,True
2,0,200,19,N,True
2,239,200,19,N,True
2,322,200,19,N,True
2,109,186,19,N,True
2,88,186,19,N,True
2,9,186,19,N,True
2,26,186,19,N,True
2,213,186,19,N,True
2,0,186,19,N,True
2,239,186,19,N,True
2,322,186,19,N,True
2,109,331,19,N,True
2,332,331,19,N,True
2,0,331,19,N,True
2,109,303,19,N,True
2,88,303,19,N,True
2,213,303,19,N,True
2,315,303,19,N,True
2,0,303,19,N,True
2,239,303,19,N,True
2,322,303,19,N,True
2,109,324,19,N,True
2,213,324,19,N,True
2,332,324,19,N,True
2,0,324,19,N,True
2,315,324,19,N,True
2,109,148,19,N,True
2,146,148,19,N,True
2,0,148,19,N,True
2,9,148,19,N,True
2,212,304,19,N,True
2,109,304,19,N,True
2,249,304,19,N,True
2,9,304,19,N,True
2,26,304,19,N,True
2,332,304,19,N,True
2,257,304,19,N,True
2,315,304,19,N,True
2,0,304,19,N,True
2,239,304,19,N,True
2,322,304,19,N,True
2,109,158,19,N,True
2,26,158,19,N,True
2,332,158,19,N,True
2,315,158,19,N,True
2,0,158,19,N,True
2,317,158,19,N,True
2,242,158,19,N,True
2,322,158,19,N,True
2,109,142,19,N,True
2,9,142,19,N,True
2,26,142,19,N,True
2,332,142,19,N,True
2,315,142,19,N,True
2,0,142,19,N,True
2,239,142,19,N,True
2,322,142,19,N,True
2,212,21,19,N,True
2,109,21,19,N,True
2,88,21,19,N,True
2,9,21,19,N,True
2,26,21,19,N,True
2,332,21,19,N,True
2,315,21,19,N,True
2,0,21,19,N,True
2,239,21,19,N,True
2,322,21,19,N,True
2,109,203,19,N,True
2,9,203,19,N,True
2,26,203,19,N,True
2,332,203,19,N,True
2,315,203,19,N,True
2,0,203,19,N,True
2,239,203,19,N,True
2,322,203,19,N,True
2,109,285,19,N,True
2,9,285,19,N,True
2,26,285,19,N,True
2,213,285,19,N,True
2,332,285,19,N,True
2,196,285,19,N,True
2,315,285,19,N,True
2,0,285,19,N,True
2,239,285,19,N,True
2,146,285,19,N,True
2,322,285,19,N,True
2,109,169,19,N,True
2,9,169,19,N,True
2,26,169,19,N,True
2,332,169,19,N,True
2,257,169,19,N,True
2,315,169,19,N,True
2,0,169,19,N,True
2,239,169,19,N,True
2,322,169,19,N,True
2,212,271,19,N,True
2,109,271,19,N,True
2,9,271,19,N,True
2,26,271,19,N,True
2,332,271,19,N,True
2,315,271,19,N,True
2,0,271,19,N,True
2,239,271,19,N,True
2,322,271,19,N,True
2,109,31,19,N,True
2,0,31,19,N,True
2,109,314,19,N,True
2,0,314,19,N,True
2,109,122,19,N,True
2,156,122,19,N,True
2,9,122,19,N,True
2,26,122,19,N,True
2,213,122,19,N,True
2,332,122,19,N,True
2,315,122,19,N,True
2,0,122,19,N,True
2,239,122,19,N,True
2,322,122,19,N,True
2,109,50,19,N,True
2,146,50,19,N,True
2,0,50,19,N,True
2,109,13,19,N,True
2,26,13,19,N,True
2,332,13,19,N,True
2,0,13,19,N,True
2,239,13,19,N,True
2,109,98,19,N,True
2,258,98,19,N,True
2,26,98,19,N,True
2,332,98,19,N,True
2,315,98,19,N,True
2,0,98,19,N,True
2,239,98,19,N,True
2,109,297,19,N,True
2,9,297,19,N,True
2,26,297,19,N,True
2,0,297,19,N,True
2,322,297,19,N,True
2,109,323,19,N,True
2,258,323,19,N,True
2,9,323,19,N,True
2,26,323,19,N,True
2,332,323,19,N,True
2,315,323,19,N,True
2,0,323,19,N,True
2,239,323,19,N,True
2,322,323,19,N,True
2,249,57,19,N,True
2,213,57,19,N,True
2,204,57,19,N,True
2,0,57,19,N,True
2,242,57,19,N,True
2,302,57,19,N,True
2,92,57,19,N,True
2,24,57,19,N,True
2,194,80,19,N,True
2,249,80,19,N,True
2,88,80,19,N,True
2,213,80,19,N,True
2,94,80,19,N,True
2,266,80,19,N,True
2,204,80,19,N,True
2,315,80,19,N,True
2,0,80,19,N,True
2,242,80,19,N,True
2,180,80,19,N,True
2,299,80,19,N,True
2,92,80,19,N,True
2,24,80,19,N,True
2,258,141,19,N,True
2,9,141,19,N,True
2,26,141,19,N,True
2,257,141,19,N,True
2,0,141,19,N,True
2,239,141,19,N,True
2,258,291,19,N,True
2,9,291,19,N,True
2,26,291,19,N,True
2,213,291,19,N,True
2,332,291,19,N,True
2,315,291,19,N,True
2,0,291,19,N,True
2,258,161,19,N,True
2,9,161,19,N,True
2,26,161,19,N,True
2,213,161,19,N,True
2,0,161,19,N,True
2,322,161,19,N,True
2,156,188,19,N,True
2,258,188,19,N,True
2,9,188,19,N,True
2,26,188,19,N,True
2,315,188,19,N,True
2,0,188,19,N,True
2,239,188,19,N,True
2,322,188,19,N,True
2,156,272,19,N,True
2,258,272,19,N,True
2,9,272,19,N,True
2,213,272,19,N,True
2,257,272,19,N,True
2,0,272,19,N,True
2,239,272,19,N,True
2,212,40,19,N,True
2,258,40,19,N,True
2,26,40,19,N,True
2,213,40,19,N,True
2,332,40,19,N,True
2,257,40,19,N,True
2,315,40,19,N,True
2,0,40,19,N,True
2,317,40,19,N,True
2,239,40,19,N,True
2,322,40,19,N,True
2,156,85,19,N,True
2,258,85,19,N,True
2,9,85,19,N,True
2,0,85,19,N,True
2,322,85,19,N,True
2,213,7,19,N,True
2,0,7,19,N,True
2,315,7,19,N,True
2,322,7,19,N,True
2,213,340,19,N,True
2,0,340,19,N,True
2,213,178,19,N,True
2,0,178,19,N,True
2,88,178,19,N,True
2,322,178,19,N,True
2,213,246,19,N,True
2,0,246,19,N,True
2,315,246,19,N,True
2,322,246,19,N,True
2,213,345,19,N,True
2,0,345,19,N,True
2,315,345,19,N,True
2,322,345,19,N,True
2,213,96,19,N,True
2,0,96,19,N,True
2,9,224,19,N,True
2,26,224,19,N,True
2,213,224,19,N,True
2,332,224,19,N,True
2,315,224,19,N,True
2,0,224,19,N,True
2,322,224,19,N,True
2,9,128,19,N,True
2,26,128,19,N,True
2,213,128,19,N,True
2,315,128,19,N,True
2,0,128,19,N,True
2,322,128,19,N,True
2,156,5,19,N,True
2,213,5,19,N,True
2,204,5,19,N,True
2,0,5,19,N,True
2,315,5,19,N,True
2,180,5,19,N,True
2,88,236,19,N,True
2,26,236,19,N,True
2,213,236,19,N,True
2,1,236,19,N,True
2,257,236,19,N,True
2,315,236,19,N,True
2,0,236,19,N,True
2,322,236,19,N,True
2,156,136,19,N,True
2,213,136,19,N,True
2,0,136,19,N,True
2,315,136,19,N,True
2,146,136,19,N,True
2,322,136,19,N,True
2,9,231,19,N,True
2,213,231,19,N,True
2,332,231,19,N,True
2,0,231,19,N,True
2,315,231,19,N,True
2,239,231,19,N,True
2,41,151,19,N,True
2,312,151,19,N,True
2,144,151,19,N,True
2,14,151,19,N,True
2,0,151,19,N,True
2,28,151,19,N,True
2,0,175,19,N,True
2,19,175,19,N,True
2,0,112,19,N,True
2,19,112,19,N,True
2,0,138,19,N,True
2,19,138,19,N,True
2,0,289,19,N,True
2,214,289,19,N,True
2,137,289,19,N,True
2,19,289,19,N,True
2,0,227,19,N,True
2,19,227,19,N,True
2,0,89,19,N,True
2,19,89,19,N,True
2,9,185,19,N,True
2,26,185,19,N,True
2,0,185,19,N,True
2,315,185,19,N,True
2,322,185,19,N,True
2,9,170,19,N,True
2,26,170,19,N,True
2,332,170,19,N,True
2,315,170,19,N,True
2,0,170,19,N,True
2,260,170,19,N,True
2,239,170,19,N,True
2,322,170,19,N,True
2,212,199,19,N,True
2,9,199,19,N,True
2,26,199,19,N,True
2,315,199,19,N,True
2,0,199,19,N,True
2,239,199,19,N,True
2,322,199,19,N,True
2,9,133,19,N,True
2,26,133,19,N,True
2,1,133,19,N,True
2,315,133,19,N,True
2,0,133,19,N,True
2,322,133,19,N,True
2,26,313,19,N,True
2,0,313,19,N,True
2,315,313,19,N,True
2,239,313,19,N,True
2,146,313,19,N,True
2,54,313,19,N,True
2,0,121,19,N,True
2,315,121,19,N,True
2,0,223,19,N,True
2,315,223,19,N,True
2,239,223,19,N,True
2,26,223,19,N,True
2,0,105,19,N,True
2,315,105,19,N,True
2,9,105,19,N,True
2,257,105,19,N,True
2,0,339,19,N,True
2,315,339,19,N,True
2,260,339,19,N,True
2,146,339,19,N,True
2,322,339,19,N,True
2,254,bot0__6,19,N,True
2,212,172,19,N,True
2,26,172,19,N,True
2,332,172,19,N,True
2,0,172,19,N,True
2,239,172,19,N,True
2,212,344,19,N,True
2,0,344,19,N,True
2,257,344,19,N,True
2,239,344,19,N,True
2,26,62,19,N,True
2,130,62,19,N,True
2,0,62,19,N,True
2,239,62,19,N,True
2,322,62,19,N,True
2,9,276,19,N,True
2,26,276,19,N,True
2,0,276,19,N,True
2,239,276,19,N,True
2,322,276,19,N,True
2,0,234,19,N,True
2,239,234,19,N,True
2,0,176,19,N,True
2,9,176,19,N,True
2,239,176,19,N,True
2,26,176,19,N,True
2,0,59,19,N,True
2,239,59,19,N,True
2,0,55,19,N,True
2,239,55,19,N,True
2,26,55,19,N,True
2,0,261,19,N,True
2,239,261,19,N,True
2,0,60,19,N,True
2,322,60,19,N,True
2,239,60,19,N,True
2,88,25,19,N,True
2,9,25,19,N,True
2,26,25,19,N,True
2,94,25,19,N,True
2,332,25,19,N,True
2,130,25,19,N,True
2,257,25,19,N,True
2,0,25,19,N,True
2,239,25,19,N,True
2,322,25,19,N,True
2,0,123,19,N,True
2,239,123,19,N,True
2,26,123,19,N,True
2,0,338,19,N,True
2,239,338,19,N,True
2,212,72,19,N,True
2,9,72,19,N,True
2,26,72,19,N,True
2,0,72,19,N,True
2,239,72,19,N,True
2,326,162,19,N,True
2,312,162,19,N,True
2,343,162,19,N,True
2,0,162,19,N,True
2,149,162,19,N,True
2,326,111,19,N,True
2,17,111,19,N,True
2,41,111,19,N,True
2,312,111,19,N,True
2,214,111,19,N,True
2,137,111,19,N,True
2,343,111,19,N,True
2,0,111,19,N,True
2,94,300,19,N,True
2,299,300,19,N,True
2,0,300,19,N,True
2,130,300,19,N,True
2,94,320,19,N,True
2,0,320,19,N,True
2,0,167,19,N,True
2,137,167,19,N,True
2,0,32,19,N,True
2,137,32,19,N,True
2,312,243,19,N,True
2,0,243,19,N,True
2,137,243,19,N,True
2,41,243,19,N,True
2,0,337,19,N,True
2,137,337,19,N,True
2,41,337,19,N,True
2,0,160,19,N,True
2,260,160,19,N,True
2,88,126,19,N,True
2,1,126,19,N,True
2,0,126,19,N,True
2,260,126,19,N,True
2,322,126,19,N,True
2,0,206,19,N,True
2,260,206,19,N,True
2,28,bot0__5,19,N,True
2,0,207,19,N,True
2,322,207,19,N,True
2,0,290,19,N,True
2,322,290,19,N,True
2,0,45,19,N,True
2,322,45,19,N,True
2,0,341,19,N,True
2,322,341,19,N,True
2,9,341,19,N,True
2,0,250,19,N,True
2,322,250,19,N,True
2,0,342,19,N,True
2,322,342,19,N,True
2,9,342,19,N,True
2,212,298,19,N,True
2,0,298,19,N,True
2,26,298,19,N,True
2,0,164,19,N,True
2,88,164,19,N,True
2,0,106,19,N,True
2,88,106,19,N,True
2,332,106,19,N,True
2,0,336,19,N,True
2,88,336,19,N,True
2,0,79,19,N,True
2,9,79,19,N,True
2,26,79,19,N,True
2,0,69,19,N,True
2,9,69,19,N,True
2,26,69,19,N,True
2,0,3,19,N,True
2,9,3,19,N,True
2,26,3,19,N,True
2,0,230,19,N,True
2,214,230,19,N,True
2,41,230,19,N,True
2,343,44,19,N,True
2,312,44,19,N,True
2,0,44,19,N,True
2,41,44,19,N,True
2,1,bot0__2,19,N,True
2,0,82,19,N,True
2,0,84,19,N,True
2,0,46,19,N,True
2,0,127,19,N,True
2,0,135,19,N,True
2,0,103,19,N,True
2,0,76,19,N,True
2,0,36,19,N,True
2,0,274,19,N,True
2,0,108,19,N,True
2,0,275,19,N,True
2,0,273,19,N,True
2,0,83,19,N,True
2,0,307,19,N,True
2,0,71,19,N,True
2,0,27,19,N,True
2,54,27,19,N,True
2,0,139,19,N,True
2,0,283,19,N,True
2,0,159,19,N,True
2,0,255,19,N,True
2,0,171,19,N,True
2,0,222,19,N,True
2,0,278,19,N,True
2,0,311,19,N,True
2,0,309,19,N,True
2,0,70,19,N,True
2,332,16,19,N,True
2,0,16,19,N,True
2,0,39,19,N,True
2,257,39,19,N,True
2,0,251,19,N,True
2,332,10,19,N,True
2,0,10,19,N,True
2,0,228,19,N,True
2,0,286,19,N,True
2,0,33,19,N,True
2,0,42,19,N,True
2,0,281,19,N,True
2,0,263,19,N,True
2,0,279,19,N,True
2,0,51,19,N,True
2,0,218,19,N,True
2,0,268,19,N,True
2,0,195,19,N,True
2,0,181,19,N,True
2,0,8,19,N,True
2,0,245,19,N,True
2,0,129,19,N,True
2,0,150,19,N,True
2,0,99,19,N,True
2,0,296,19,N,True
2,0,102,19,N,True
2,0,173,19,N,True
2,0,165,19,N,True
2,0,306,19,N,True
2,0,189,19,N,True
2,0,259,19,N,True
2,0,58,19,N,True
2,0,91,19,N,True
2,0,143,19,N,True
2,156,235,19,N,True
2,0,235,19,N,True
2,0,6,19,N,True
2,332,208,19,N,True
2,0,208,19,N,True
2,0,301,19,N,True
2,0,29,19,N,True
2,0,100,19,N,True
2,0,264,19,N,True
2,0,225,19,N,True
2,0,152,19,N,True
2,0,201,19,N,True
2,0,68,19,N,True
2,0,131,19,N,True
2,0,22,19,N,True
2,0,193,19,N,True
2,0,97,19,N,True
2,0,90,19,N,True
2,0,179,19,N,True
2,0,216,19,N,True
2,0,145,19,N,True
2,0,327,19,N,True
2,0,247,19,N,True
2,0,190,19,N,True
2,0,282,19,N,True
2,0,244,19,N,True
2,0,233,19,N,True
2,0,256,19,N,True
2,0,202,19,N,True
2,0,155,19,N,True
2,0,147,19,N,True
2,0,219,19,N,True
2,0,154,19,N,True
2,0,198,19,N,True
2,0,182,19,N,True
2,0,241,19,N,True
2,0,294,19,N,True
2,0,253,19,N,True
2,0,267,19,N,True
2,0,316,19,N,True
2,0,205,19,N,True
2,0,47,19,N,True
2,0,183,19,N,True
2,0,34,19,N,True
2,0,35,19,N,True
3,132,56,1,N,False
3,315,56,1,N,False
3,132,113,1,N,False
3,158,113,1,N,False
3,132,45,1,N,False
3,132,72,1,N,False
3,132,bot0__3,1,N,False
3,315,26,1,N,False
3,158,26,1,N,False
3,315,142,1,N,False
3,158,142,1,N,False
3,158,332,1,N,False
3,315,339,1,N,False
3,158,339,1,N,False
3,158,22,1,N,False
3,315,322,1,N,False
3,158,322,1,N,False
3,158,60,1,N,False
3,315,345,1,N,False
3,315,231,1,N,False
3,315,87,1,N,False
3,315,313,1,N,False
3,315,203,1,N,False
3,315,98,1,N,False
3,315,324,1,N,False
3,bot0__6,47,1,N,False
3,94,24,2,N,False
3,57,24,2,N,False
3,172,238,2,N,False
3,325,238,2,N,False
3,203,238,2,N,False
3,82,238,2,N,False
3,324,238,2,N,False
3,98,238,2,N,False
3,199,238,2,N,False
3,172,231,2,N,False
3,332,231,2,N,False
3,82,231,2,N,False
3,178,231,2,N,False
3,199,231,2,N,False
3,82,16,2,N,False
3,332,16,2,N,False
3,172,16,2,N,False
3,172,59,2,N,False
3,325,59,2,N,False
3,203,59,2,N,False
3,82,59,2,N,False
3,98,59,2,N,False
3,199,222,2,N,False
3,82,222,2,N,False
3,325,222,2,N,False
3,324,217,2,N,False
3,324,301,2,N,False
3,339,22,2,N,False
3,324,22,2,N,False
3,308,22,2,N,False
3,87,22,2,N,False
3,324,150,2,N,False
3,324,27,2,N,False
3,324,bot0__9,2,N,False
3,136,120,2,N,False
3,260,160,2,N,False
3,339,347,2,N,False
3,332,77,2,N,False
3,334,229,2,N,False
3,148,229,2,N,False
3,148,bot0__7,2,N,False
3,157,bot0__9,3,N,False
3,163,bot0__0,3,N,False
3,95,bot0__8,3,N,False
3,47,bot0__6,3,N,False
3,145,bot0__1,3,N,False
3,274,bot0__4,3,N,False
3,148,bot0__7,3,N,False
3,157,bot0__9,4,N,False
3,76,bot0__9,4,N,False
3,324,bot0__9,4,N,False
3,163,bot0__0,4,N,False
3,95,bot0__8,4,N,False
3,127,bot0__8,4,N,False
3,47,bot0__6,4,N,False
3,211,bot0__1,4,N,False
3,145,bot0__1,4,N,False
3,100,bot0__5,4,N,False
3,28,bot0__5,4,N,False
3,132,bot0__3,4,N,False
3,148,bot0__7,4,N,False
3,243,167,5,N,False
3,137,167,5,N,False
3,337,167,5,N,False
3,243,bot0__4,5,N,False
3,171,58,5,N,False
3,57,277,6,N,False
3,322,277,6,N,False
3,57,184,6,N,False
3,57,320,6,N,False
3,300,320,6,N,False
3,80,320,6,N,False
3,158,26,6,N,False
3,322,26,6,N,False
3,158,315,6,N,False
3,322,315,6,N,False
3,80,315,6,N,False
3,158,142,6,N,False
3,322,142,6,N,False
3,158,332,6,N,False
3,158,339,6,N,False
3,322,339,6,N,False
3,158,291,6,N,False
3,158,325,6,N,False
3,158,60,6,N,False
3,322,60,6,N,False
3,80,bot0__0,6,N,False
3,73,126,6,N,False
3,322,126,6,N,False
3,322,45,6,N,False
3,322,128,6,N,False
3,322,85,6,N,False
3,322,239,6,N,False
3,322,271,6,N,False
3,322,21,6,N,False
3,322,178,6,N,False
3,322,250,6,N,False
3,322,345,6,N,False
3,322,224,6,N,False
3,322,87,6,N,False
3,322,199,6,N,False
3,322,38,6,N,False
3,322,200,6,N,False
3,322,169,6,N,False
3,119,217,10,N,True
3,324,217,10,N,True
3,324,301,10,N,True
3,329,150,10,N,True
3,119,150,10,N,True
3,324,150,10,N,True
3,128,150,10,N,True
3,134,238,10,N,True
3,325,238,10,N,True
3,56,238,10,N,True
3,252,238,10,N,True
3,203,238,10,N,True
3,13,238,10,N,True
3,324,238,10,N,True
3,265,238,10,N,True
3,98,238,10,N,True
3,239,238,10,N,True
3,199,238,10,N,True
3,342,238,10,N,True
3,339,340,10,N,True
3,324,340,10,N,True
3,329,27,10,N,True
3,119,27,10,N,True
3,324,27,10,N,True
3,324,bot0__9,10,N,True
3,325,211,10,N,True
3,56,211,10,N,True
3,13,211,10,N,True
3,170,211,10,N,True
3,203,211,10,N,True
3,304,211,10,N,True
3,285,211,10,N,True
3,29,211,10,N,True
3,265,211,10,N,True
3,98,211,10,N,True
3,239,211,10,N,True
3,199,211,10,N,True
3,342,211,10,N,True
3,128,211,10,N,True
3,199,222,10,N,True
3,325,222,10,N,True
3,56,222,10,N,True
3,325,59,10,N,True
3,56,59,10,N,True
3,252,59,10,N,True
3,203,59,10,N,True
3,13,59,10,N,True
3,98,59,10,N,True
3,239,59,10,N,True
3,342,59,10,N,True
3,132,311,10,N,True
3,325,311,10,N,True
3,248,311,10,N,True
3,265,311,10,N,True
3,277,311,10,N,True
3,170,268,10,N,True
3,325,268,10,N,True
3,203,268,10,N,True
3,119,313,10,N,True
3,21,313,10,N,True
3,239,313,10,N,True
3,199,313,10,N,True
3,325,313,10,N,True
3,113,313,10,N,True
3,285,313,10,N,True
3,265,313,10,N,True
3,128,313,10,N,True
3,56,313,10,N,True
3,170,313,10,N,True
3,39,313,10,N,True
3,98,313,10,N,True
3,314,313,10,N,True
3,342,313,10,N,True
3,67,313,10,N,True
3,339,313,10,N,True
3,252,313,10,N,True
3,203,313,10,N,True
3,13,313,10,N,True
3,67,55,10,N,True
3,185,55,10,N,True
3,56,55,10,N,True
3,252,55,10,N,True
3,170,55,10,N,True
3,203,55,10,N,True
3,21,55,10,N,True
3,104,55,10,N,True
3,122,55,10,N,True
3,239,55,10,N,True
3,277,55,10,N,True
3,339,103,10,N,True
3,185,103,10,N,True
3,25,103,10,N,True
3,56,103,10,N,True
3,136,103,10,N,True
3,252,103,10,N,True
3,285,103,10,N,True
3,98,103,10,N,True
3,185,bot0__0,10,N,True
3,119,50,10,N,True
3,113,50,10,N,True
3,203,50,10,N,True
3,334,50,10,N,True
3,314,50,10,N,True
3,277,50,10,N,True
3,148,50,10,N,True
3,277,57,10,N,True
3,92,57,10,N,True
3,48,57,10,N,True
3,242,57,10,N,True
3,194,80,10,N,True
3,48,80,10,N,True
3,242,80,10,N,True
3,299,80,10,N,True
3,92,80,10,N,True
3,299,330,10,N,True
3,92,330,10,N,True
3,48,330,10,N,True
3,242,330,10,N,True
3,194,302,10,N,True
3,48,302,10,N,True
3,242,302,10,N,True
3,299,302,10,N,True
3,92,302,10,N,True
3,307,71,10,N,True
3,291,168,10,N,True
3,277,168,10,N,True
3,339,168,10,N,True
3,304,168,10,N,True
3,343,19,10,N,True
3,312,19,10,N,True
3,17,19,10,N,True
3,214,19,10,N,True
3,312,140,10,N,True
3,17,140,10,N,True
3,214,140,10,N,True
3,310,14,10,N,True
3,20,14,10,N,True
3,312,14,10,N,True
3,214,14,10,N,True
3,343,14,10,N,True
3,17,115,10,N,True
3,20,115,10,N,True
3,312,115,10,N,True
3,214,115,10,N,True
3,343,115,10,N,True
3,20,333,10,N,True
3,343,333,10,N,True
3,214,333,10,N,True
3,178,206,10,N,True
3,329,106,10,N,True
3,29,106,10,N,True
3,332,106,10,N,True
3,252,338,10,N,True
3,203,338,10,N,True
3,29,338,10,N,True
3,239,338,10,N,True
3,308,338,10,N,True
3,29,247,10,N,True
3,329,16,10,N,True
3,29,16,10,N,True
3,332,16,10,N,True
3,67,123,10,N,True
3,252,123,10,N,True
3,21,123,10,N,True
3,104,123,10,N,True
3,334,123,10,N,True
3,98,123,10,N,True
3,122,123,10,N,True
3,239,123,10,N,True
3,142,123,10,N,True
3,342,123,10,N,True
3,194,101,10,N,True
3,317,101,10,N,True
3,242,101,10,N,True
3,299,101,10,N,True
3,92,101,10,N,True
3,194,24,10,N,True
3,299,24,10,N,True
3,92,24,10,N,True
3,242,24,10,N,True
3,194,94,10,N,True
3,25,94,10,N,True
3,242,94,10,N,True
3,299,94,10,N,True
3,92,94,10,N,True
3,194,249,10,N,True
3,304,249,10,N,True
3,242,249,10,N,True
3,299,249,10,N,True
3,92,249,10,N,True
3,299,300,10,N,True
3,130,300,10,N,True
3,310,151,10,N,True
3,312,151,10,N,True
3,310,167,10,N,True
3,93,167,10,N,True
3,310,243,10,N,True
3,312,243,10,N,True
3,194,266,10,N,True
3,92,266,10,N,True
3,242,266,10,N,True
3,339,347,10,N,True
3,304,347,10,N,True
3,119,229,10,N,True
3,334,229,10,N,True
3,190,229,10,N,True
3,148,229,10,N,True
3,277,294,10,N,True
3,77,294,10,N,True
3,199,288,10,N,True
3,25,288,10,N,True
3,136,125,10,N,True
3,119,125,10,N,True
3,136,120,10,N,True
3,277,120,10,N,True
3,285,164,10,N,True
3,343,144,10,N,True
3,312,144,10,N,True
3,17,144,10,N,True
3,20,226,10,N,True
3,343,226,10,N,True
3,312,226,10,N,True
3,312,305,10,N,True
3,312,220,10,N,True
3,20,2,10,N,True
3,343,2,10,N,True
3,312,2,10,N,True
3,20,162,10,N,True
3,343,162,10,N,True
3,312,162,10,N,True
3,132,bot0__3,10,N,True
3,142,bot0__3,10,N,True
3,21,159,10,N,True
3,277,159,10,N,True
3,345,159,10,N,True
3,190,23,10,N,True
3,119,171,10,N,True
3,119,189,10,N,True
3,119,100,10,N,True
3,21,284,10,N,True
3,122,284,10,N,True
3,329,284,10,N,True
3,21,184,10,N,True
3,329,184,10,N,True
3,21,235,10,N,True
3,156,235,10,N,True
3,122,235,10,N,True
3,21,127,10,N,True
3,21,281,10,N,True
3,122,281,10,N,True
3,21,197,10,N,True
3,329,197,10,N,True
3,130,191,10,N,True
3,342,63,10,N,True
3,56,63,10,N,True
3,25,83,10,N,True
3,25,76,10,N,True
3,25,336,10,N,True
3,3,283,10,N,True
3,25,283,10,N,True
3,3,228,10,N,True
3,56,bot0__5,10,N,True
3,156,5,10,N,True
3,122,5,10,N,True
3,87,5,10,N,True
3,148,bot0__7,10,N,True
3,109,118,12,N,True
3,67,118,12,N,True
3,161,118,12,N,True
3,271,118,12,N,True
3,56,118,12,N,True
3,65,118,12,N,True
3,13,118,12,N,True
3,331,118,12,N,True
3,82,118,12,N,True
3,304,118,12,N,True
3,261,118,12,N,True
3,98,118,12,N,True
3,239,118,12,N,True
3,277,118,12,N,True
3,211,118,12,N,True
3,200,118,12,N,True
3,109,325,12,N,True
3,67,325,12,N,True
3,158,325,12,N,True
3,161,325,12,N,True
3,271,325,12,N,True
3,56,325,12,N,True
3,40,325,12,N,True
3,13,325,12,N,True
3,82,325,12,N,True
3,304,325,12,N,True
3,261,325,12,N,True
3,98,325,12,N,True
3,239,325,12,N,True
3,277,325,12,N,True
3,211,325,12,N,True
3,200,325,12,N,True
3,109,104,12,N,True
3,67,104,12,N,True
3,271,104,12,N,True
3,56,104,12,N,True
3,332,104,12,N,True
3,303,104,12,N,True
3,98,104,12,N,True
3,239,104,12,N,True
3,142,104,12,N,True
3,277,104,12,N,True
3,188,104,12,N,True
3,200,104,12,N,True
3,67,248,12,N,True
3,323,248,12,N,True
3,158,248,12,N,True
3,291,248,12,N,True
3,332,248,12,N,True
3,38,248,12,N,True
3,277,248,12,N,True
3,200,248,12,N,True
3,213,204,12,N,True
3,277,204,12,N,True
3,213,57,12,N,True
3,277,57,12,N,True
3,213,249,12,N,True
3,304,249,12,N,True
3,213,178,12,N,True
3,38,178,12,N,True
3,272,178,12,N,True
3,303,178,12,N,True
3,213,96,12,N,True
3,314,96,12,N,True
3,323,96,12,N,True
3,224,96,12,N,True
3,9,30,12,N,True
3,271,30,12,N,True
3,56,30,12,N,True
3,213,30,12,N,True
3,331,30,12,N,True
3,303,30,12,N,True
3,304,30,12,N,True
3,224,30,12,N,True
3,188,30,12,N,True
3,200,30,12,N,True
3,67,236,12,N,True
3,271,236,12,N,True
3,213,236,12,N,True
3,13,236,12,N,True
3,303,236,12,N,True
3,304,236,12,N,True
3,224,236,12,N,True
3,142,236,12,N,True
3,314,236,12,N,True
3,272,236,12,N,True
3,200,236,12,N,True
3,9,231,12,N,True
3,56,231,12,N,True
3,213,231,12,N,True
3,291,231,12,N,True
3,332,231,12,N,True
3,82,231,12,N,True
3,117,231,12,N,True
3,239,231,12,N,True
3,40,231,12,N,True
3,213,130,12,N,True
3,277,130,12,N,True
3,271,238,12,N,True
3,56,238,12,N,True
3,13,238,12,N,True
3,82,238,12,N,True
3,261,238,12,N,True
3,98,238,12,N,True
3,239,238,12,N,True
3,211,238,12,N,True
3,82,84,12,N,True
3,224,84,12,N,True
3,304,84,12,N,True
3,271,59,12,N,True
3,56,59,12,N,True
3,13,59,12,N,True
3,82,59,12,N,True
3,261,59,12,N,True
3,98,59,12,N,True
3,239,59,12,N,True
3,211,59,12,N,True
3,82,121,12,N,True
3,271,172,12,N,True
3,56,172,12,N,True
3,40,172,12,N,True
3,13,172,12,N,True
3,331,172,12,N,True
3,332,172,12,N,True
3,82,172,12,N,True
3,304,172,12,N,True
3,261,172,12,N,True
3,98,172,12,N,True
3,239,172,12,N,True
3,277,172,12,N,True
3,211,172,12,N,True
3,271,268,12,N,True
3,170,268,12,N,True
3,82,268,12,N,True
3,261,268,12,N,True
3,211,268,12,N,True
3,67,123,12,N,True
3,82,123,12,N,True
3,261,123,12,N,True
3,334,123,12,N,True
3,98,123,12,N,True
3,239,123,12,N,True
3,142,123,12,N,True
3,200,123,12,N,True
3,331,16,12,N,True
3,82,16,12,N,True
3,332,16,12,N,True
3,261,16,12,N,True
3,40,29,12,N,True
3,82,29,12,N,True
3,211,29,12,N,True
3,82,222,12,N,True
3,211,222,12,N,True
3,56,222,12,N,True
3,67,45,12,N,True
3,221,45,12,N,True
3,303,45,12,N,True
3,142,45,12,N,True
3,200,45,12,N,True
3,67,141,12,N,True
3,323,141,12,N,True
3,9,141,12,N,True
3,271,141,12,N,True
3,56,141,12,N,True
3,291,141,12,N,True
3,304,141,12,N,True
3,38,141,12,N,True
3,224,141,12,N,True
3,98,141,12,N,True
3,239,141,12,N,True
3,272,141,12,N,True
3,40,141,12,N,True
3,9,133,12,N,True
3,271,133,12,N,True
3,224,133,12,N,True
3,188,133,12,N,True
3,40,133,12,N,True
3,67,62,12,N,True
3,323,62,12,N,True
3,161,62,12,N,True
3,56,62,12,N,True
3,170,62,12,N,True
3,261,62,12,N,True
3,224,62,12,N,True
3,98,62,12,N,True
3,239,62,12,N,True
3,142,62,12,N,True
3,200,62,12,N,True
3,67,212,12,N,True
3,271,212,12,N,True
3,56,212,12,N,True
3,304,212,12,N,True
3,239,212,12,N,True
3,40,212,12,N,True
3,239,234,12,N,True
3,67,55,12,N,True
3,185,55,12,N,True
3,56,55,12,N,True
3,170,55,12,N,True
3,261,55,12,N,True
3,239,55,12,N,True
3,277,55,12,N,True
3,200,55,12,N,True
3,67,265,12,N,True
3,271,265,12,N,True
3,56,265,12,N,True
3,40,265,12,N,True
3,13,265,12,N,True
3,331,265,12,N,True
3,261,265,12,N,True
3,98,265,12,N,True
3,239,265,12,N,True
3,211,265,12,N,True
3,67,280,12,N,True
3,323,280,12,N,True
3,9,280,12,N,True
3,185,280,12,N,True
3,271,280,12,N,True
3,291,280,12,N,True
3,332,280,12,N,True
3,272,280,12,N,True
3,304,280,12,N,True
3,117,280,12,N,True
3,98,280,12,N,True
3,239,280,12,N,True
3,142,280,12,N,True
3,277,280,12,N,True
3,188,280,12,N,True
3,40,280,12,N,True
3,200,280,12,N,True
3,67,66,12,N,True
3,9,66,12,N,True
3,56,66,12,N,True
3,bot0__7,66,12,N,True
3,304,66,12,N,True
3,334,66,12,N,True
3,239,66,12,N,True
3,142,66,12,N,True
3,239,338,12,N,True
3,67,72,12,N,True
3,9,72,12,N,True
3,271,72,12,N,True
3,56,72,12,N,True
3,291,72,12,N,True
3,239,72,12,N,True
3,272,72,12,N,True
3,40,72,12,N,True
3,200,72,12,N,True
3,211,bot0__1,12,N,True
3,277,39,12,N,True
3,161,39,12,N,True
3,200,39,12,N,True
3,323,85,12,N,True
3,9,85,12,N,True
3,271,85,12,N,True
3,176,85,12,N,True
3,170,85,12,N,True
3,188,85,12,N,True
3,272,85,12,N,True
3,67,290,12,N,True
3,323,290,12,N,True
3,185,290,12,N,True
3,271,290,12,N,True
3,56,290,12,N,True
3,176,290,12,N,True
3,170,290,12,N,True
3,277,290,12,N,True
3,188,290,12,N,True
3,323,100,12,N,True
3,67,3,12,N,True
3,323,3,12,N,True
3,9,3,12,N,True
3,170,3,12,N,True
3,142,3,12,N,True
3,188,3,12,N,True
3,200,3,12,N,True
3,67,75,12,N,True
3,323,75,12,N,True
3,9,75,12,N,True
3,56,75,12,N,True
3,170,75,12,N,True
3,304,75,12,N,True
3,188,75,12,N,True
3,272,75,12,N,True
3,200,75,12,N,True
3,323,274,12,N,True
3,185,274,12,N,True
3,170,274,12,N,True
3,188,274,12,N,True
3,40,274,12,N,True
3,200,274,12,N,True
3,67,79,12,N,True
3,9,79,12,N,True
3,271,79,12,N,True
3,185,79,12,N,True
3,188,79,12,N,True
3,272,79,12,N,True
3,200,79,12,N,True
3,185,bot0__0,12,N,True
3,bot0__7,33,12,N,True
3,56,63,12,N,True
3,271,63,12,N,True
3,261,63,12,N,True
3,260,126,12,N,True
3,260,206,12,N,True
3,67,134,12,N,True
3,9,134,12,N,True
3,56,134,12,N,True
3,304,134,12,N,True
3,334,134,12,N,True
3,142,134,12,N,True
3,277,134,12,N,True
3,142,bot0__3,12,N,True
3,229,190,12,N,True
3,67,156,12,N,True
3,9,156,12,N,True
3,272,156,12,N,True
3,188,156,12,N,True
3,9,329,12,N,True
3,40,329,12,N,True
3,291,329,12,N,True
3,332,329,12,N,True
3,272,329,12,N,True
3,67,69,12,N,True
3,9,69,12,N,True
3,304,69,12,N,True
3,56,207,12,N,True
3,271,298,12,N,True
3,40,298,12,N,True
3,56,298,12,N,True
3,56,bot0__5,12,N,True
3,170,250,12,N,True
3,331,73,12,N,True
3,40,307,12,N,True
3,272,257,12,N,True
3,40,257,12,N,True
3,304,257,12,N,True
3,332,48,12,N,True
3,271,48,12,N,True
3,332,106,12,N,True
3,188,165,12,N,True
3,334,165,12,N,True
3,200,165,12,N,True
3,277,120,12,N,True
3,277,159,12,N,True
3,272,159,12,N,True
3,277,294,12,N,True
3,277,311,12,N,True
3,272,346,12,N,True
3,272,320,12,N,True
3,272,281,12,N,True
3,157,bot0__9,13,N,True
3,76,bot0__9,13,N,True
3,80,bot0__0,13,N,True
3,185,bot0__0,13,N,True
3,1,bot0__2,13,N,True
3,251,bot0__2,13,N,True
3,132,bot0__3,13,N,True
3,318,bot0__3,13,N,True
3,142,bot0__3,13,N,True
3,47,bot0__6,13,N,True
3,254,bot0__6,13,N,True
3,211,bot0__1,13,N,True
3,101,bot0__1,13,N,True
3,145,bot0__1,13,N,True
3,100,bot0__5,13,N,True
3,28,bot0__5,13,N,True
3,56,bot0__5,13,N,True
3,106,bot0__4,13,N,True
3,274,bot0__4,13,N,True
3,33,bot0__7,13,N,True
3,148,bot0__7,13,N,True
3,66,bot0__7,13,N,True
3,33,bot0__8,13,N,True
3,157,bot0__9,14,N,True
3,76,bot0__9,14,N,True
3,185,bot0__0,14,N,True
3,47,bot0__6,14,N,True
3,254,bot0__6,14,N,True
3,33,bot0__7,14,N,True
3,33,bot0__8,14,N,True
3,274,bot0__4,14,N,True
3,101,bot0__1,14,N,True
3,157,bot0__9,15,N,True
3,76,bot0__9,15,N,True
3,163,bot0__0,15,N,True
3,185,bot0__0,15,N,True
3,236,bot0__2,15,N,True
3,1,bot0__2,15,N,True
3,251,bot0__2,15,N,True
3,95,bot0__8,15,N,True
3,127,bot0__8,15,N,True
3,274,bot0__4,15,N,True
3,100,bot0__5,15,N,True
3,56,bot0__5,15,N,True
3,142,bot0__3,15,N,True
3,157,bot0__9,16,N,True
3,76,bot0__9,16,N,True
3,80,bot0__0,16,N,True
3,163,bot0__0,16,N,True
3,185,bot0__0,16,N,True
3,47,bot0__6,16,N,True
3,254,bot0__6,16,N,True
3,168,bot0__6,16,N,True
3,236,bot0__2,16,N,True
3,1,bot0__2,16,N,True
3,251,bot0__2,16,N,True
3,33,bot0__8,16,N,True
3,95,bot0__8,16,N,True
3,127,bot0__8,16,N,True
3,100,bot0__5,16,N,True
3,28,bot0__5,16,N,True
3,56,bot0__5,16,N,True
3,243,bot0__4,16,N,True
3,106,bot0__4,16,N,True
3,132,bot0__3,16,N,True
3,33,bot0__7,16,N,True
3,66,bot0__7,16,N,True
3,80,bot0__0,17,N,True
3,185,bot0__0,17,N,True
3,157,bot0__9,17,N,True
3,236,bot0__2,17,N,True
3,1,bot0__2,17,N,True
3,95,bot0__8,17,N,True
3,211,bot0__1,17,N,True
3,145,bot0__1,17,N,True
3,132,bot0__3,17,N,True
3,142,bot0__3,17,N,True
3,66,bot0__7,17,N,True
3,100,bot0__5,17,N,True
3,157,bot0__9,18,N,True
3,76,bot0__9,18,N,True
3,47,bot0__6,18,N,True
3,168,bot0__6,18,N,True
3,211,bot0__1,18,N,True
3,243,bot0__4,18,N,True
3,106,bot0__4,18,N,True
3,148,bot0__7,18,N,True
3,76,bot0__9,19,N,True
3,324,bot0__9,19,N,True
3,80,bot0__0,19,N,True
3,185,bot0__0,19,N,True
3,145,bot0__1,19,N,True
3,243,bot0__4,19,N,True
3,106,bot0__4,19,N,True
3,274,bot0__4,19,N,True
3,33,bot0__8,19,N,True
3,127,bot0__8,19,N,True
3,33,bot0__7,19,N,True
3,148,bot0__7,19,N,True
3,142,bot0__3,19,N,True
4,324,217,1,N,False
4,26,118,1,N,False
4,56,118,1,N,False
4,203,118,1,N,False
4,324,118,1,N,False
4,98,118,1,N,False
4,313,118,1,N,False
4,322,118,1,N,False
4,324,150,1,N,False
4,56,200,1,N,False
4,26,200,1,N,False
4,113,200,1,N,False
4,72,200,1,N,False
4,203,200,1,N,False
4,332,200,1,N,False
4,324,200,1,N,False
4,45,200,1,N,False
4,98,200,1,N,False
4,142,200,1,N,False
4,322,200,1,N,False
4,339,340,1,N,False
4,324,340,1,N,False
4,324,27,1,N,False
4,324,bot0__9,1,N,False
4,113,148,1,N,False
4,98,148,1,N,False
4,339,148,1,N,False
4,56,239,1,N,False
4,26,239,1,N,False
4,113,239,1,N,False
4,72,239,1,N,False
4,203,239,1,N,False
4,231,239,1,N,False
4,60,239,1,N,False
4,98,239,1,N,False
4,313,239,1,N,False
4,142,239,1,N,False
4,322,239,1,N,False
4,72,141,1,N,False
4,98,141,1,N,False
4,26,141,1,N,False
4,56,141,1,N,False
4,72,3,1,N,False
4,26,3,1,N,False
4,142,3,1,N,False
4,231,117,1,N,False
4,231,77,1,N,False
4,332,77,1,N,False
4,56,62,1,N,False
4,26,62,1,N,False
4,98,62,1,N,False
4,142,62,1,N,False
4,322,62,1,N,False
4,322,130,1,N,False
4,322,126,1,N,False
4,322,85,1,N,False
4,322,30,1,N,False
4,56,30,1,N,False
4,322,250,1,N,False
4,322,260,1,N,False
4,339,260,1,N,False
4,98,103,1,N,False
4,339,103,1,N,False
4,56,103,1,N,False
4,203,55,1,N,False
4,26,55,1,N,False
4,56,55,1,N,False
4,313,222,1,N,False
4,56,222,1,N,False
4,56,bot0__5,1,N,False
4,26,176,1,N,False
4,313,54,1,N,False
4,339,152,1,N,False
4,345,159,1,N,False
4,332,208,1,N,False
4,bot0__9,157,2,N,False
4,301,47,2,N,False
4,217,171,2,N,False
4,150,171,2,N,False
4,217,64,2,N,False
4,150,64,2,N,False
4,120,247,2,N,False
4,184,135,6,N,False
4,320,135,6,N,False
4,184,281,6,N,False
4,320,281,6,N,False
4,21,281,6,N,False
4,184,36,6,N,False
4,320,36,6,N,False
4,184,309,6,N,False
4,320,309,6,N,False
4,271,272,6,N,False
4,184,272,6,N,False
4,291,272,6,N,False
4,178,272,6,N,False
4,85,272,6,N,False
4,320,272,6,N,False
4,21,272,6,N,False
4,239,272,6,N,False
4,277,272,6,N,False
4,184,197,6,N,False
4,320,197,6,N,False
4,21,197,6,N,False
4,325,98,6,N,False
4,128,98,6,N,False
4,271,98,6,N,False
4,26,98,6,N,False
4,291,98,6,N,False
4,332,98,6,N,False
4,21,98,6,N,False
4,315,98,6,N,False
4,239,98,6,N,False
4,199,98,6,N,False
4,277,98,6,N,False
4,200,98,6,N,False
4,271,212,6,N,False
4,26,212,6,N,False
4,21,212,6,N,False
4,239,212,6,N,False
4,199,212,6,N,False
4,21,235,6,N,False
4,325,223,6,N,False
4,128,223,6,N,False
4,271,223,6,N,False
4,26,223,6,N,False
4,21,223,6,N,False
4,315,223,6,N,False
4,239,223,6,N,False
4,199,223,6,N,False
4,200,223,6,N,False
4,199,288,6,N,False
4,315,288,6,N,False
4,291,231,6,N,False
4,332,231,6,N,False
4,178,231,6,N,False
4,315,231,6,N,False
4,239,231,6,N,False
4,199,231,6,N,False
4,332,324,6,N,False
4,315,324,6,N,False
4,224,324,6,N,False
4,199,324,6,N,False
4,277,324,6,N,False
4,200,324,6,N,False
4,224,84,6,N,False
4,271,148,6,N,False
4,224,148,6,N,False
4,339,148,6,N,False
4,199,238,6,N,False
4,325,238,6,N,False
4,271,238,6,N,False
4,239,238,6,N,False
4,271,176,6,N,False
4,26,176,6,N,False
4,85,176,6,N,False
4,239,176,6,N,False
4,128,176,6,N,False
4,271,72,6,N,False
4,26,72,6,N,False
4,291,72,6,N,False
4,239,72,6,N,False
4,199,72,6,N,False
4,200,72,6,N,False
4,199,222,6,N,False
4,325,222,6,N,False
4,199,298,6,N,False
4,271,298,6,N,False
4,26,298,6,N,False
4,26,3,6,N,False
4,142,3,6,N,False
4,200,3,6,N,False
4,85,3,6,N,False
4,271,103,6,N,False
4,169,103,6,N,False
4,339,103,6,N,False
4,200,103,6,N,False
4,291,258,6,N,False
4,85,258,6,N,False
4,142,bot0__3,6,N,False
4,291,208,6,N,False
4,332,208,6,N,False
4,277,208,6,N,False
4,178,206,6,N,False
4,339,340,6,N,False
4,339,347,6,N,False
4,332,77,6,N,False
4,332,16,6,N,False
4,277,120,6,N,False
4,5,316,10,N,True
4,222,240,10,N,True
4,23,240,10,N,True
4,281,139,10,N,True
4,197,139,10,N,True
4,184,139,10,N,True
4,127,139,10,N,True
4,284,139,10,N,True
4,159,139,10,N,True
4,281,135,10,N,True
4,197,135,10,N,True
4,184,135,10,N,True
4,127,135,10,N,True
4,284,135,10,N,True
4,281,36,10,N,True
4,197,36,10,N,True
4,184,36,10,N,True
4,127,36,10,N,True
4,284,36,10,N,True
4,281,309,10,N,True
4,197,309,10,N,True
4,184,309,10,N,True
4,127,309,10,N,True
4,284,309,10,N,True
4,168,bot0__6,10,N,True
4,301,47,10,N,True
4,211,bot0__1,10,N,True
4,101,bot0__1,10,N,True
4,243,bot0__4,10,N,True
4,106,bot0__4,10,N,True
4,243,216,10,N,True
4,127,bot0__8,10,N,True
4,bot0__9,157,10,N,True
4,171,107,10,N,True
4,171,58,10,N,True
4,19,293,10,N,True
4,19,112,10,N,True
4,19,138,10,N,True
4,19,89,10,N,True
4,23,61,10,N,True
4,23,245,10,N,True
4,23,155,10,N,True
4,bot0__7,33,10,N,True
4,80,173,10,N,True
4,115,192,10,N,True
4,249,302,12,N,True
4,57,302,12,N,True
4,346,302,12,N,True
4,48,302,12,N,True
4,204,302,12,N,True
4,249,254,12,N,True
4,204,254,12,N,True
4,346,254,12,N,True
4,249,194,12,N,True
4,204,194,12,N,True
4,346,194,12,N,True
4,73,299,12,N,True
4,249,299,12,N,True
4,346,299,12,N,True
4,48,299,12,N,True
4,320,94,12,N,True
4,249,94,12,N,True
4,204,94,12,N,True
4,346,94,12,N,True
4,249,92,12,N,True
4,57,92,12,N,True
4,346,92,12,N,True
4,204,92,12,N,True
4,249,163,12,N,True
4,100,163,12,N,True
4,bot0__0,163,12,N,True
4,320,139,12,N,True
4,281,139,12,N,True
4,159,139,12,N,True
4,320,36,12,N,True
4,281,36,12,N,True
4,320,300,12,N,True
4,346,300,12,N,True
4,130,300,12,N,True
4,320,135,12,N,True
4,281,135,12,N,True
4,320,284,12,N,True
4,281,284,12,N,True
4,159,284,12,N,True
4,329,284,12,N,True
4,133,183,12,N,True
4,118,283,12,N,True
4,3,283,12,N,True
4,329,150,12,N,True
4,100,150,12,N,True
4,100,189,12,N,True
4,100,217,12,N,True
4,100,64,12,N,True
4,280,153,12,N,True
4,236,bot0__2,12,N,True
4,130,191,12,N,True
4,120,247,12,N,True
4,29,247,12,N,True
4,106,bot0__4,12,N,True
4,274,bot0__4,12,N,True
4,156,235,12,N,True
4,bot0__5,28,12,N,True
4,84,237,12,N,True
4,84,83,12,N,True
4,33,42,12,N,True
4,33,bot0__8,12,N,True
4,329,27,12,N,True
4,190,23,12,N,True
5,bot0__9,157,1,N,False
5,159,284,1,N,False
5,159,127,1,N,False
5,159,197,1,N,False
5,85,156,1,N,False
5,126,73,1,N,False
5,30,73,1,N,False
5,130,73,1,N,False
5,130,300,1,N,False
5,130,191,1,N,False
5,152,181,1,N,False
5,217,64,1,N,False
5,150,64,1,N,False
5,bot0__5,100,1,N,False
5,217,100,1,N,False
5,150,100,1,N,False
5,217,171,1,N,False
5,150,171,1,N,False
5,148,bot0__7,1,N,False
5,157,155,2,N,False
5,47,bot0__6,2,N,False
5,324,217,6,N,False
5,324,27,6,N,False
5,324,bot0__9,6,N,False
5,3,283,6,N,False
5,3,228,6,N,False
5,120,247,6,N,False
5,84,51,6,N,False
5,84,237,6,N,False
5,148,bot0__7,6,N,False
5,173,166,10,N,True
5,61,193,10,N,True
5,89,95,10,N,True
5,bot0__8,95,10,N,True
5,89,6,10,N,True
5,89,327,10,N,True
5,89,219,10,N,True
5,89,147,10,N,True
5,245,91,10,N,True
5,245,259,10,N,True
5,bot0__1,145,10,N,True
5,192,49,10,N,True
5,192,205,10,N,True
5,192,52,10,N,True
5,33,42,10,N,True
5,254,bot0__6,12,N,True
5,28,116,12,N,True
5,23,116,12,N,True
5,23,61,12,N,True
5,23,245,12,N,True
5,23,155,12,N,True
5,28,312,12,N,True
5,28,310,12,N,True
5,28,115,12,N,True
5,28,226,12,N,True
5,28,326,12,N,True
5,28,14,12,N,True
5,28,149,12,N,True
5,bot0__8,95,12,N,True
5,bot0__4,243,12,N,True
6,156,235,1,N,False
6,127,135,1,N,False
6,284,135,1,N,False
6,197,135,1,N,False
6,127,309,1,N,False
6,284,309,1,N,False
6,197,309,1,N,False
6,157,155,1,N,False
6,127,bot0__8,1,N,False
6,181,195,1,N,False
6,bot0__9,157,6,N,False
6,217,64,6,N,False
6,217,189,6,N,False
6,217,171,6,N,False
6,259,264,10,N,True
6,91,264,10,N,True
6,259,110,10,N,True
6,91,110,10,N,True
6,259,201,10,N,True
6,91,201,10,N,True
6,219,154,10,N,True
6,145,179,10,N,True
6,166,198,10,N,True
6,49,255,10,N,True
6,49,241,10,N,True
6,310,32,12,N,True
6,310,17,12,N,True
6,326,17,12,N,True
6,116,17,12,N,True
6,312,17,12,N,True
6,115,17,12,N,True
6,310,137,12,N,True
6,326,137,12,N,True
6,243,137,12,N,True
6,312,137,12,N,True
6,115,137,12,N,True
6,310,93,12,N,True
6,310,167,12,N,True
6,243,167,12,N,True
6,326,214,12,N,True
6,116,214,12,N,True
6,312,214,12,N,True
6,115,214,12,N,True
6,14,214,12,N,True
6,326,162,12,N,True
6,312,162,12,N,True
6,149,162,12,N,True
6,116,162,12,N,True
6,326,20,12,N,True
6,226,20,12,N,True
6,312,20,12,N,True
6,115,20,12,N,True
6,14,20,12,N,True
6,149,20,12,N,True
6,326,2,12,N,True
6,226,2,12,N,True
6,116,2,12,N,True
6,312,2,12,N,True
6,115,2,12,N,True
6,149,2,12,N,True
6,61,193,12,N,True
6,226,333,12,N,True
6,149,333,12,N,True
6,312,19,12,N,True
6,115,19,12,N,True
6,312,262,12,N,True
6,115,262,12,N,True
6,312,305,12,N,True
6,312,220,12,N,True
6,115,220,12,N,True
6,bot0__6,47,12,N,True
6,245,8,12,N,True
6,245,91,12,N,True
6,245,259,12,N,True
6,95,327,12,N,True
6,95,319,12,N,True
6,95,6,12,N,True
7,157,155,6,N,False
7,171,58,6,N,False
7,179,90,10,N,True
7,259,264,12,N,True
7,8,264,12,N,True
7,91,264,12,N,True
7,259,110,12,N,True
7,8,110,12,N,True
7,91,110,12,N,True
7,259,201,12,N,True
7,8,201,12,N,True
7,91,201,12,N,True
7,19,293,12,N,True
7,19,112,12,N,True
7,47,301,12,N,True
7,6,219,12,N,True
7,319,219,12,N,True
8,219,154,12,N,True
